# Assessed vs Appraisal - from Assessor - 2 Dec 2021,,,,,,,,,
AA_Map,AA_Lot,AA_Unit,AA_Owner,AA_Appraisal_Improvements,AA_Assessment_Improvements,AA_Appraisal_Land,AA_Assessment_Land,AA_Appraisal_Total,AA_Assessment_Total
Map,Block,Lot,Location,Total Appraised Improvements,Total Assessed Improvements,Total Appraised Land Value,Total Assessed Land Value,Total Appraised Parcel Value,Total Assessed Parcel Value
100,1,,FLOWAGE RIGHTS,1254000,1254000,0,0,1254000,1254000
100,2,,POWER LINES/L-37.62 MI,2861300,2861300,0,0,2861300,2861300
100,3,,POWER LINES,2527700,2527700,0,0,2527700,2527700
100,4,,POWER LINES,500,500,0,0,500,500
100,5,,ROW  TOWN OF LYME,6000,6000,0,0,6000,6000
100,10,,TOWN OF LYME,415200,415200,0,0,415200,415200
201,1,,58 DORCHESTER RD,93700,93700,167600,167600,261300,261300
201,4,,42 DORCHESTER RD,77200,77200,104600,104600,181800,181800
201,5,,40 DORCHESTER RD,114000,114000,140400,140400,254400,254400
201,6,,36 DORCHESTER RD,108900,108900,157900,157900,266800,266800
201,7,,32 DORCHESTER RD,254100,254100,163000,163000,417100,417100
201,9,,22 DORCHESTER RD,261800,261800,225200,225200,487000,487000
201,10,,18 DORCHESTER RD,275700,275700,280700,280700,556400,556400
201,11,,1 MARKET ST,1016100,1016100,385700,385700,1401800,1401800
201,12,1000,7 MARKET ST,162500,162500,139100,139100,301600,301600
201,12,2000,5 MARKET ST,91700,91700,62300,62300,154000,154000
201,13,,11 MARKET ST,381400,381400,234400,234400,615800,615800
201,14,,15 MARKET ST,398100,398100,288400,288400,686500,686500
201,15,,19 MARKET ST,269300,269300,179700,179700,449000,449000
201,16,,25 MARKET ST,233100,233100,245600,245600,478700,478700
201,18,,30 MARKET ST,410600,410600,170500,170500,581100,581100
201,19,,26 MARKET ST,151100,151100,205300,205300,356400,356400
201,20,,22 MARKET ST,326700,326700,210000,210000,536700,536700
201,21,,20 MARKET ST,292900,292900,244000,244000,536900,536900
201,22,,14 MARKET ST,420400,420400,235700,235700,656100,656100
201,23,,10 MARKET ST,275300,275300,218200,218200,493500,493500
201,25,,8 MARKET ST,131000,131000,146800,146800,277800,277800
201,26,,6 MARKET ST,176400,176400,151600,151600,328000,328000
201,27,,4 MARKET ST,395200,395200,157700,157700,552900,552900
201,28,,1 ON THE COMMON (COMMON),0,0,29200,29200,29200,29200
201,29,,18 ON THE COMMON,303000,303000,416200,416200,719200,719200
201,30,,16 ON THE COMMON,297500,297500,353000,353000,650500,650500
201,30,      T,16  ON THE COMMON,50000,50000,0,0,50000,50000
201,31,1000,14 ON THE COMMON,339700,339700,237000,237000,576700,576700
201,31,2000,18 MARKET ST (BIG ROCK),0,0,43000,43000,43000,43000
201,32,,12 ON THE COMMON,447000,447000,186000,186000,633000,633000
201,33,,10 ON THE COMMON,269800,269800,218700,218700,488500,488500
201,34,,8 ON THE COMMON,137300,137300,208300,208300,345600,345600
201,35,10,6 ON THE COMMON UNIT #1,194300,194300,0,0,194300,194300
201,35,10,6-6 ON THE COMMON UNIT,0,0,0,0,0,0
201,35,20,6 ON THE COMMON UNIT #2,197400,197400,0,0,197400,197400
201,35,30,6 ON THE COMMON UNIT #3,184100,184100,0,0,184100,184100
201,35,40,6 ON THE COMMON UNIT #4,208500,208500,0,0,208500,208500
201,35,50,6 ON THE COMMON UNIT #5,179900,179900,0,0,179900,179900
201,35,60,6 ON THE COMMON UNIT #6,195600,195600,0,0,195600,195600
201,36,,4 ON THE COMMON,926400,926400,234500,234500,1160900,1160900
201,37,,2 ON THE COMMON,734700,734700,230000,230000,964700,964700
201,38,,38 UNION ST (LIBRARY),653600,653600,262000,262000,915600,915600
201,39,,36 UNION ST,355300,355300,156500,156500,511800,511800
201,40,,32 UNION ST,485100,485100,218900,218900,704000,704000
201,42,,30 UNION ST,485300,485300,163900,163900,649200,649200
201,43,,28 UNION ST,258400,258400,232100,232100,490500,490500
201,44,,26 UNION ST,103900,103900,218200,218200,322100,322100
201,45,,24 UNION ST,316000,316000,228900,228900,544900,544900
201,46,,22 UNION ST,218800,218800,230900,230900,449700,449700
201,47,,20 UNION ST (BIG ROCK),0,0,103200,103200,103200,103200
201,48,,5 BROOK LN,127000,127000,157100,157100,284100,284100
201,49,,4 BROOK LN,0,0,8600,8600,8600,8600
201,51,1000,11 UNION ST,519800,519800,234400,234400,754200,754200
201,51,2000,13 UNION ST,343500,343500,234900,234900,578400,578400
201,52,,15 UNION ST,173800,173800,216500,216500,390300,390300
201,53,,17 UNION ST,116800,116800,216500,216500,333300,333300
201,54,,21 UNION ST,301600,301600,317200,317200,618800,618800
201,55,,25 UNION ST,139400,139400,290400,290400,429800,429800
201,56,,27 UNION ST,217700,217700,199300,199300,417000,417000
201,57,,29 UNION ST,189900,189900,161800,161800,351700,351700
201,58,,35 UNION ST (ELEM SCHOOL),3187200,3187200,2000100,2000100,5187300,5187300
201,59,,39 UNION ST (LITTLE COMMON),0,0,16900,16900,16900,16900
201,60,,37 UNION ST,471700,471700,228900,228900,700600,700600
201,61,,19 EAST THETFORD RD,379700,379700,256000,256000,635700,635700
201,62,,1 HAMILTON LN,43200,43200,113400,113400,156600,156600
201,63,,7 HAMILTON LN,252300,252300,375600,239500,627900,491800
201,65,,2 HAMILTON LN,526300,526300,277000,277000,803300,803300
201,66,,8 EAST THETFORD RD,77800,77800,179500,179500,257300,257300
201,67,,6 EAST THETFORD RD,475800,475800,204300,204300,680100,680100
201,68,,4 EAST THETFORD RD,385500,385500,179200,179200,564700,564700
201,69,,2 EAST THETFORD RD,410100,410100,207600,207600,617700,617700
201,70,10,1 MAIN          ST (33% INT),328500,328500,0,0,328500,328500
201,70,20,1 MAIN          ST (67% INT),543900,543900,0,0,543900,543900
201,71,,3 MAIN ST,7500,7500,104000,104000,111500,111500
201,72,,10 LATHAM LN,121800,121800,185100,185100,306900,306900
201,73,,5 MAIN ST,1055000,1055000,394300,394300,1449300,1449300
201,74,,7 MAIN ST,236100,236100,274300,274300,510400,510400
201,75,,9 MAIN ST,1421000,1421000,488300,488300,1909300,1909300
201,76,,13 MAIN ST,359500,359500,263700,263700,623200,623200
201,77,      E,15 MAIN ST,273300,273300,253100,253100,526400,526400
201,77,      T,15  MAIN ST,37000,37000,44500,44500,81500,81500
201,78,,1 PLEASANT ST (OLD CEMETERY,4400,4400,424700,424700,429100,429100
201,79,1000,21 PLEASANT ST,221200,221200,258500,137700,479700,358900
201,79,2000,23 PLEASANT ST,249500,249500,148200,148200,397700,397700
201,80,10,25 PLEASANT ST,426300,426300,0,0,426300,426300
201,80,20,27 PLEASANT ST,243200,243200,0,0,243200,243200
201,81,,7 BRITTON LN,155800,155800,405100,405100,560900,560900
201,83,,4 BRITTON LN,462100,462100,360800,360800,822900,822900
201,84,,34 PLEASANT ST,2400,2400,143700,143700,146100,146100
201,85,,32 PLEASANT ST,273000,273000,133300,133300,406300,406300
201,86,,30 PLEASANT ST,151900,151900,132200,132200,284100,284100
201,87,,26+28 PLEASANT ST,354900,354900,223000,223000,577900,577900
201,88,,24 PLEASANT ST,272000,272000,155700,155700,427700,427700
201,90,,16 PLEASANT ST,240200,240200,153300,153300,393500,393500
201,91,,12+14 PLEASANT ST,395000,395000,188500,188500,583500,583500
201,92,,10 PLEASANT ST,182300,182300,157500,157500,339800,339800
201,93,100,6 JOHN THOMSON WY (L/O),0,0,40300,40300,40300,40300
201,93,200,6 JOHN THOMSON WY(HORSESHD),42000,42000,0,0,42000,42000
201,94,100,2 PLEASANT ST (JAILHOUSE),15200,15200,12200,12200,27400,27400
201,94,200,4 JOHN THOMSON WY,46900,46900,189400,189400,236300,236300
201,95,,1 DORCHESTER RD,1194500,1194500,246000,246000,1440500,1440500
201,96,,5 DORCHESTER RD,81400,81400,166400,166400,247800,247800
201,97,,7 DORCHESTER RD,575300,575300,151500,151500,726800,726800
201,99,,11 DORCHESTER RD,183800,183800,209900,209900,393700,393700
201,100,,19 DORCHESTER RD,334100,334100,206900,206900,541000,541000
201,101,,21 DORCHESTER RD,144800,144800,133000,133000,277800,277800
201,102,1000,50 HIGH ST,163800,163800,142700,142700,306500,306500
201,102,2000,48 HIGH ST,385600,385600,171200,171200,556800,556800
201,103,,44 HIGH ST (FIRE STATION),410700,410700,170200,170200,580900,580900
201,104,,40 HIGH ST,0,0,218500,218500,218500,218500
201,105,,38 HIGH ST,175200,175200,84800,84800,260000,260000
201,106,,36 HIGH ST,149400,149400,111300,111300,260700,260700
201,107,,32 HIGH ST,82500,82500,82400,82400,164900,164900
201,109,1000,30 HIGH ST,21200,21200,166100,166100,187300,187300
201,110,1000,24 HIGH ST (HIGHWAY GARAGE),562100,562100,219600,219600,781700,781700
201,110,2000,24 HIGH ST (HIGHLAND CEMETER,11100,11100,246900,246900,258000,258000
201,111,,18 HIGH ST,165400,165400,126800,126800,292200,292200
201,112,,14 HIGH ST,269600,269600,158900,158900,428500,428500
201,113,,8 HIGH ST,46200,46200,98300,98300,144500,144500
201,117,,4 CREAMERY LN,289300,289300,224000,224000,513300,513300
201,118,,13 CREAMERY LN,174500,174500,129600,129600,304100,304100
201,119,,12 CREAMERY LN,154200,154200,111100,111100,265300,265300
201,120,,1 HIGH ST,1225500,1225500,266800,266800,1492300,1492300
201,122,,18 SPRING HILL LN,0,0,144500,200,144500,200
201,123,,10 SPRING HILL LN,0,0,161400,300,161400,300
201,124,,6 SPRING HILL LN,465200,465200,154000,154000,619200,619200
201,125,,13 HIGH ST,152300,152300,132200,132200,284500,284500
201,126,,15 HIGH ST,156600,156600,137900,137900,294500,294500
201,127,,19 HIGH ST,85100,85100,129800,129800,214900,214900
201,128,1000,27 HIGH ST,231800,231800,126600,126600,358400,358400
201,128,2000,29 HIGH ST,0,0,109300,109300,109300,109300
201,129,,35 HIGH ST,149400,149400,138100,138100,287500,287500
201,130,,19 ROCKY HILL LN,597800,597800,284700,214300,882500,812100
201,131,,31 ROCKY HILL LN,0,0,333600,2500,333600,2500
201,132,,12 ROCKY HILL LN,507900,507900,233200,178200,741100,686100
201,133,,49 HIGH ST,10900,10900,103000,103000,113900,113900
201,134,,51 HIGH ST,672900,672900,368500,368500,1041400,1041400
401,1,1000,11  PRESTON RD,281900,281900,144800,144800,426700,426700
401,2,,40 PRESTON RD,351200,351200,344600,193100,695800,544300
401,3,,30 PRESTON RD,329500,329500,275100,218400,604600,547900
401,4,,76 GOODELL LN,8500,8500,129600,44800,138100,53300
401,5,,54 GOODELL LN,0,0,59200,1000,59200,1000
401,6,,42 GOODELL LN,0,0,204100,6000,204100,6000
401,7,,68 PRESTON RD,0,0,689600,25500,689600,25500
401,9,,8 GOODELL LN,0,0,22300,100,22300,100
401,10,,298 BAKER HILL RD,343500,343500,176200,176200,519700,519700
401,12,,65 GOODELL LN,0,0,166600,2500,166600,2500
401,13,1000,114 DARTMOUTH COLLEGE HY,322700,322700,251700,134800,574400,457500
401,13,2000,20 PRESTON RD,392300,392300,774500,293300,1166800,685600
401,14,,102 DARTMOUTH COLLEGE HY,232400,232400,125100,125100,357500,357500
401,15,,84 DARTMOUTH COLLEGE HY,396000,396000,484700,324800,880700,720800
401,17,,60 DARTMOUTH COLLEGE HY,606800,606800,227800,135800,834600,742600
401,18,,19 GOOSE POND RD,1700,1700,647500,52700,649200,54400
401,19,,47 GOOSE POND RD,180600,180600,142400,142400,323000,323000
401,20,,51 GOOSE POND RD,119000,119000,143300,143300,262300,262300
401,21,,57 GOOSE POND RD,193800,193800,143300,143300,337100,337100
401,23,1100,127 GOOSE POND RD,0,0,476800,2600,476800,2600
401,23,1200,161 GOOSE POND RD,162900,162900,104400,104400,267300,267300
401,23,3000,149 GOOSE POND RD,176100,176100,164500,164500,340600,340600
401,24,,153 GOOSE POND RD,180400,180400,108100,108100,288500,288500
401,25,,157 GOOSE POND RD,221900,221900,95600,95600,317500,317500
401,26,,5 PELTON LN,269100,269100,168700,168700,437800,437800
401,27,,32 PELTON LN,322900,322900,175300,125900,498200,448800
401,28,,12 PELTON LN,234300,234300,215300,215300,449600,449600
401,29,,342 BAKER HILL RD,86100,86100,176600,176600,262700,262700
401,30,1000,320 BAKER HILL RD,312700,312700,179600,179600,492300,492300
401,30,2000,330 BAKER HILL RD,0,0,218200,2800,218200,2800
401,31,1000,162 GOOSE POND RD,82800,82800,91300,91300,174100,174100
401,31,2000,158 GOOSE POND RD,67300,67300,91400,91400,158700,158700
401,32,,156 GOOSE POND RD,72200,72200,57800,57800,130000,130000
401,33,,154 GOOSE POND RD,81500,81500,65100,65100,146600,146600
401,34,,148 GOOSE POND RD,228500,228500,134400,134400,362900,362900
401,35,,144 GOOSE POND RD,455900,455900,169300,169300,625200,625200
401,36,,142 GOOSE POND RD,184400,184400,119700,119700,304100,304100
401,37,,138 GOOSE POND RD,45100,45100,88200,88200,133300,133300
401,38,,104 GOOSE POND RD,149100,149100,133300,133300,282400,282400
401,39,,72 GOOSE POND RD,143900,143900,719400,163300,863300,307200
401,40,,54 GOOSE POND RD,0,0,9700,900,9700,900
401,41,,40 GOOSE POND RD,0,0,800,800,800,800
401,42,,36 GOOSE POND RD,193200,193200,115700,115700,308900,308900
401,43,,20 DARTMOUTH COLLEGE HY,0,0,300300,6200,300300,6200
401,44,,1 DARTMOUTH COLLEGE HY,13400,13400,149200,149200,162600,162600
401,45,,7 HEWS LN,126300,126300,137700,137700,264000,264000
401,46,,13 HEWS LN,155900,155900,144300,144300,300200,300200
401,47,,17 HEWS LN,0,0,341700,2700,341700,2700
401,48,,20 HEWS LN,367000,367000,349100,232200,716100,599200
401,49,,10 HEWS LN,176700,176700,251500,144300,428200,321000
401,50,,8 HEWS LN,212100,212100,150400,150400,362500,362500
401,51,,43 DARTMOUTH COLLEGE HY,356800,356800,460900,150800,817700,507600
401,52,,61 DARTMOUTH COLLEGE HY,435400,435400,129400,129400,564800,564800
401,53,1000,63-69 DARTMOUTH COLLEGE HY,1367900,1367900,364300,364300,1732200,1732200
401,53,2000,DARTMOUTH COLLEGE HY,0,0,237100,237100,237100,237100
401,54,,77 DARTMOUTH COLLEGE HY,56900,56900,130700,130700,187600,187600
401,55,101,85 DARTMOUTH COLLEGE HY #1010,217500,217500,0,0,217500,217500
401,55,102,85 DARTMOUTH COLLEGE HY #1020,217500,217500,0,0,217500,217500
401,55,103,85 DARTMOUTH COLLEGE HY #1030,251600,251600,0,0,251600,251600
401,55,104,85 DARTMOUTH COLLEGE HY #1040,377100,377100,0,0,377100,377100
401,55,105,85 DARTMOUTH COLLEGE HY #1050,244700,244700,0,0,244700,244700
401,55,123,95 DARTMOUTH COLLEGE HY #1234,1848200,1848200,0,0,1848200,1848200
401,55,201,85 DARTMOUTH COLLEGE HY #2010,451200,451200,0,0,451200,451200
401,55,202,85 DARTMOUTH COLLEGE HY #2020,387700,387700,0,0,387700,387700
401,55,203,85 DARTMOUTH COLLEGE HY #2030,204700,204700,0,0,204700,204700
401,55,204,85 DARTMOUTH COLLEGE HY #2040,398200,398200,0,0,398200,398200
401,55,301,85 DARTMOUTH COLLEGE HY #3010,378800,378800,0,0,378800,378800
401,55,401,85 DARTMOUTH COLLEGE HY #4010,421200,421200,0,0,421200,421200
401,55,403,85 DARTMOUTH COLLEGE HY #4030,212900,212900,0,0,212900,212900
401,55,404,85 DARTMOUTH COLLEGE HY #4040,261900,261900,0,0,261900,261900
401,55,501,85 DARTMOUTH COLLEGE HY #5010,184400,184400,0,0,184400,184400
401,55,502,85 DARTMOUTH COLLEGE HY #5020,332100,332100,0,0,332100,332100
401,55,601,85 DARTMOUTH COLLEGE HY #6010,473800,473800,0,0,473800,473800
401,55,701,85 DARTMOUTH COLLEGE HY #7010,349600,349600,0,0,349600,349600
401,55,801,85 DARTMOUTH COLLEGE HY #8010,543400,543400,0,0,543400,543400
401,55,901,85 DARTMOUTH COLLEGE HY #9010,427400,427400,0,0,427400,427400
401,55,902,85 DARTMOUTH COLLEGE HY #9020,340300,340300,0,0,340300,340300
401,55,903,85 DARTMOUTH COLLEGE HY #9030,385200,385200,0,0,385200,385200
401,55,1010,85-85 DARTMOUTH COLLEGE HY,0,0,0,0,0,0
401,56,,101 DARTMOUTH COLLEGE HY,2454700,2454700,592700,592700,3047400,3047400
401,57,,82 RIVER RD,82600,82600,164500,164500,247100,247100
401,58,,5 WILMOTT WY,359600,359600,176700,176700,536300,536300
401,59,,7 WILMOTT WY,66900,66900,122600,122600,189500,189500
401,60,,21 WILMOTT WY,54400,54400,117800,117800,172200,172200
401,61,,25 WILMOTT WY,293800,293800,127600,127600,421400,421400
401,62,,30 WILMOTT WY (LAND ONLY),0,0,11300,11300,11300,11300
401,63,,34 WILMOTT WY,32800,32800,100700,100700,133500,133500
401,64,,20 WILMOTT WY,230700,230700,139000,139000,369700,369700
401,65,,12 WILMOTT WY,30200,30200,109800,109800,140000,140000
401,66,,6 WILMOTT WY,133100,133100,173400,173400,306500,306500
401,67,,62 RIVER RD,0,0,58200,1500,58200,1500
401,68,,50 RIVER RD,159300,159300,313600,191000,472900,350300
401,69,,38 RIVER RD,161300,161300,176800,176800,338100,338100
401,70,,20 RIVER RD,0,0,431500,8400,431500,8400
401,71,,1 HOVEY ISLAND,25500,25500,171600,171600,197100,197100
401,74,,51 RIVER RD,566500,566500,297100,297100,863600,863600
401,75,,61 RIVER RD,245600,245600,328100,328100,573700,573700
401,77,,75 RIVER RD,618200,618200,454000,290500,1072200,908700
401,78,,85 RIVER RD,0,0,139200,6400,139200,6400
401,79,,96 RIVER RD,0,0,376700,5000,376700,5000
402,1,1000,294 DARTMOUTH COLLEGE HY,376400,376400,569300,174100,945700,550500
402,1,2000,89 WASHBURN HILL RD,457000,457000,332800,332800,789800,789800
402,3,,252 DARTMOUTH COLLEGE HY,411100,411100,386400,180800,797500,591900
402,4,,246 DARTMOUTH COLLEGE HY,132400,132400,104100,104100,236500,236500
402,4,1,246 DARTMOUTH COLLEGE HY,131100,131100,0,0,131100,131100
402,5,,244 DARTMOUTH COLLEGE HY,40800,40800,88400,88400,129200,129200
402,6,,240 DARTMOUTH COLLEGE HY,168100,168100,118200,118200,286300,286300
402,7,,234 DARTMOUTH COLLEGE HY,108200,108200,133400,133400,241600,241600
402,8,,232 DARTMOUTH COLLEGE HY,116500,116500,93400,93400,209900,209900
402,9,,226 DARTMOUTH COLLEGE HY,197200,197200,235000,148800,432200,346000
402,11,,23 WASHBURN HILL RD,392100,392100,179200,179200,571300,571300
402,14,,69 WASHBURN HILL RD,254500,254500,220000,220000,474500,474500
402,15,1000,77 WASHBURN HILL RD,498100,498100,362500,260400,860600,758500
402,15,2000,65 WASHBURN HILL RD,0,0,315200,2500,315200,2500
402,16,,64 WASHBURN HILL RD,280100,280100,196600,196600,476700,476700
402,17,,66 WASHBURN HILL RD,283000,283000,571900,306800,854900,589800
402,18,1000,106 PRESTON RD,765900,765900,240800,167200,1006700,933100
402,18,2000,108 PRESTON RD,511300,511300,244800,183400,756100,694700
402,19,,92 PRESTON RD,0,0,637800,15600,637800,15600
402,21,,50 PRESTON RD,675600,675600,661400,430100,1337000,1105700
402,23,,45 PRESTON RD,484200,484200,174900,174900,659100,659100
402,24,,55 PRESTON RD,229500,229500,180700,180700,410200,410200
402,25,,71 PRESTON RD,361800,361800,152900,152900,514700,514700
402,26,1000,69 PRESTON RD,381800,381800,222900,222900,604700,604700
402,26,2000,81 PRESTON RD,0,0,433100,9700,433100,9700
402,27,,97 PRESTON RD,74900,74900,140500,140500,215400,215400
402,28,,20 WASHBURN HILL RD,0,0,273200,151200,273200,151200
402,29,,218 DARTMOUTH COLLEGE HY,149300,149300,143800,143800,293100,293100
402,30,,208 DARTMOUTH COLLEGE HY,319900,319900,137800,137800,457700,457700
402,31,,204 DARTMOUTH COLLEGE HY,750700,750700,251100,251100,1001800,1001800
402,32,,188 DARTMOUTH COLLEGE HY,327800,327800,180100,180100,507900,507900
402,33,,180 DARTMOUTH COLLEGE HY,244400,244400,153200,153200,397600,397600
402,34,,174 DARTMOUTH COLLEGE HY,178800,178800,161000,161000,339800,339800
402,35,,166 DARTMOUTH COLLEGE HY,130800,130800,93200,93200,224000,224000
402,36,,156 DARTMOUTH COLLEGE HY,228000,228000,201200,134000,429200,362000
402,37,,150 DARTMOUTH COLLEGE HY,62500,62500,131800,131800,194300,194300
402,37,100,3 PRESTON RD,334300,334300,174600,114400,508900,448700
402,39,,39 SHOESTRAP RD (OLD DUMP),0,0,15700,15700,15700,15700
402,40,,114 RIVER RD,459600,459600,318400,175600,778000,635200
402,41,,12 MAPLE LN,103500,103500,157100,157100,260600,260600
402,42,,11 MAPLE LN,210700,210700,158300,158300,369000,369000
402,43,,17 MAPLE LN,630400,630400,197400,197400,827800,827800
402,44,,19 MAPLE LN,674200,674200,317100,219200,991300,893400
402,45,,48 SHOESTRAP RD,153000,153000,140300,140300,293300,293300
402,46,,38 SHOESTRAP RD,389200,389200,199000,199000,588200,588200
402,47,,30 SHOESTRAP RD,191600,191600,123800,123800,315400,315400
402,48,,28 SHOESTRAP RD,238400,238400,197200,197200,435600,435600
402,49,,16 SHOESTRAP RD,265500,265500,504500,109500,770000,375000
402,50,,2 SHOESTRAP RD,288300,288300,153300,153300,441600,441600
402,51,,155 DARTMOUTH COLLEGE HY,256900,256900,159200,159200,416100,416100
402,52,,163 DARTMOUTH COLLEGE HY,8800,8800,293500,18600,302300,27400
402,53,,173 DARTMOUTH COLLEGE HY,287400,287400,149400,149400,436800,436800
402,54,,183 DARTMOUTH COLLEGE HY,0,0,102600,102600,102600,102600
402,55,,199 DARTMOUTH COLLEGE HY,0,0,52200,52200,52200,52200
402,56,,211 DARTMOUTH COLLEGE HY,284700,284700,148900,148900,433600,433600
402,57,,215 DARTMOUTH COLLEGE HY,0,0,330300,330300,330300,330300
402,59,,223 DARTMOUTH COLLEGE HY,0,0,159000,159000,159000,159000
402,60,,229 DARTMOUTH COLLEGE HY,0,0,9300,9300,9300,9300
402,61,,233 DARTMOUTH COLLEGE HY,92400,92400,135100,135100,227500,227500
402,62,,241 DARTMOUTH COLLEGE HY,128100,128100,101800,101800,229900,229900
402,63,,259 DARTMOUTH COLLEGE HY,344600,344600,367400,156600,712000,501200
402,65,,5 SLOAN LN,391000,391000,128100,128100,519100,519100
402,66,,7 SLOAN LN,114400,114400,98300,98300,212700,212700
402,67,,19 SLOAN LN,544900,544900,502900,257400,1047800,802300
402,70,,8 SLOAN LN,242900,242900,111700,111700,354600,354600
402,71,,264 RIVER RD,477100,477100,445900,240900,923000,718000
402,72,,240 RIVER RD,0,0,312000,312000,312000,312000
402,73,,234 RIVER RD,342300,342300,166800,166800,509100,509100
402,74,1000,228 RIVER RD,219900,219900,208700,208700,428600,428600
402,74,2000,230 RIVER RD,926800,926800,191100,191100,1117900,1117900
402,75,,216 RIVER RD,0,0,369500,2000,369500,2000
402,77,,202 RIVER RD,0,0,303100,303100,303100,303100
402,78,,192 RIVER RD,387900,387900,326200,163300,714100,551200
402,79,,64 SHOESTRAP RD,34900,34900,462600,148800,497500,183700
402,80,,136 RIVER RD,345600,345600,142700,142700,488300,488300
402,81,,130 RIVER RD,60600,60600,118000,118000,178600,178600
402,82,,3 MAPLE LN,184800,184800,157400,157400,342200,342200
402,83,,2 MAPLE LN,73000,73000,107800,107800,180800,180800
402,84,,116 RIVER RD,150900,150900,158900,158900,309800,309800
402,85,,100 RIVER RD,632600,632600,356200,180600,988800,813200
402,86,,91 RIVER RD,115100,115100,446700,241800,561800,356900
402,87,,101 RIVER RD,285900,285900,172600,172600,458500,458500
402,88,,105 RIVER RD,0,0,20100,600,20100,600
402,89,,111 RIVER RD (HEWES BROOK PRE,0,0,32300,32300,32300,32300
402,90,,117 RIVER RD,0,0,73500,73500,73500,73500
402,91,,123 RIVER RD,267800,267800,112600,112600,380400,380400
402,92,,129 RIVER RD,0,0,454600,454600,454600,454600
402,93,,131 RIVER RD,147800,147800,321300,321300,469100,469100
402,94,,133+137 RIVER RD,490100,490100,360300,360300,850400,850400
402,96,,139 RIVER RD,371100,371100,355400,355400,726500,726500
402,97,,143 RIVER RD,319100,319100,335700,335700,654800,654800
402,100,,155 RIVER RD,777200,777200,1621300,1621300,2398500,2398500
402,101,,161 RIVER RD,352100,352100,297700,297700,649800,649800
402,102,,207 RIVER RD,339100,339100,163100,163100,502200,502200
402,103,,187 RIVER RD,0,0,1188900,1188900,1188900,1188900
402,104,,261 RIVER RD,1367100,1367100,1205000,1205000,2572100,2572100
403,1,,310 DARTMOUTH COLLEGE HY,628800,628800,454300,203400,1083100,832200
403,3,,300 DARTMOUTH COLLEGE HY,147800,147800,143300,143300,291100,291100
403,5,,39 EAST THETFORD RD,0,0,420900,13900,420900,13900
403,6,,53 EAST THETFORD RD,171500,171500,148500,148500,320000,320000
403,8,,79 EAST THETFORD RD,242800,242800,371700,212800,614500,455600
403,9,,101 EAST THETFORD RD,34800,34800,608700,20900,643500,55700
403,10,,119 EAST THETFORD RD,442900,442900,205700,205700,648600,648600
403,11,,125 EAST THETFORD RD,317000,317000,162800,162800,479800,479800
403,12,,278 RIVER RD,553700,553700,262800,172400,816500,726100
403,15,,299 RIVER RD,0,0,23700,23700,23700,23700
403,16,,301 RIVER RD,37700,37700,104500,104500,142200,142200
403,17,,303 RIVER RD,58600,58600,184300,184300,242900,242900
403,18,,307 RIVER RD,104100,104100,221200,221200,325300,325300
403,19,,311 RIVER RD,60300,60300,205800,205800,266100,266100
403,20,,315 RIVER RD,674600,674600,378100,378100,1052700,1052700
403,21,,319 RIVER RD,308800,308800,261700,261700,570500,570500
403,22,,323 RIVER RD,0,0,6400,6400,6400,6400
403,23,,327 RIVER RD,53000,53000,228900,228900,281900,281900
403,24,,331 RIVER RD,393000,393000,455200,455200,848200,848200
403,25,,339 RIVER RD,229500,229500,196700,196700,426200,426200
403,27,,375 RIVER RD,34800,34800,299900,42800,334700,77600
403,29,1000,376 RIVER RD,417800,417800,344100,216600,761900,634400
403,29,2000,25 LAMPHIRE HILL LN,425900,425900,267000,192300,692900,618200
403,30,,37 LAMPHIRE HILL LN,191200,191200,228500,228500,419700,419700
403,31,,41 LAMPHIRE HILL LN,396900,396900,307500,255400,704400,652300
403,32,,39 LAMPHIRE HILL LN,0,0,221800,221800,221800,221800
403,33,,70 LAMPHIRE HILL LN,561400,561400,1057000,397300,1618400,958700
403,35,,50 LAMPHIRE HILL LN,0,0,324900,3300,324900,3300
403,37,,34 LAMPHIRE HILL LN,586400,586400,840000,243800,1426400,830200
403,40,,360 RIVER RD,818800,818800,409400,225700,1228200,1044500
403,41,,336 RIVER RD,234800,234800,272600,272600,507400,507400
403,42,,330 RIVER RD,293400,293400,192000,192000,485400,485400
403,43,,120 EAST THETFORD RD,479100,479100,279000,201800,758100,680900
403,44,,106 EAST THETFORD RD,673400,673400,311800,233000,985200,906400
403,45,,84 EAST THETFORD RD,544600,544600,246100,192700,790700,737300
403,46,,72 EAST THETFORD RD,0,0,372200,4200,372200,4200
403,47,,7 RECORDRIDGE LN,0,0,250900,12300,250900,12300
403,48,,15 RECORDRIDGE LN,725500,725500,271500,271500,997000,997000
403,51,,26 RECORDRIDGE LN,715000,715000,241600,175300,956600,890300
403,52,,24 RECORDRIDGE LN,535100,535100,210400,210400,745500,745500
403,53,,20 RECORDRIDGE LN,358800,358800,200000,200000,558800,558800
403,54,,18 EAST THETFORD RD,472000,472000,379600,214600,851600,686600
404,1,,23 STORRS HILL LN,285600,285600,334600,192300,620200,477900
404,3,,46 STORRS HILL LN,270800,270800,522200,190500,793000,461300
404,4,,28 STORRS HILL LN,750500,750500,609400,307800,1359900,1058300
404,5,,97 NORTH THETFORD RD,247100,247100,232000,162300,479100,409400
404,7,,105 NORTH THETFORD RD,308300,308300,229800,154600,538100,462900
404,8,,111 NORTH THETFORD RD,0,0,700,700,700,700
404,9,,131 NORTH THETFORD RD,431700,431700,182200,182200,613900,613900
404,11,,161 NORTH THETFORD RD,367800,367800,218100,218100,585900,585900
404,12,,175 NORTH THETFORD RD,165100,165100,180000,180000,345100,345100
404,13,,534 RIVER RD,309400,309400,248800,248800,558200,558200
404,14,,530 RIVER RD,225500,225500,253700,253700,479200,479200
404,15,,526 RIVER RD,289700,289700,211700,211700,501400,501400
404,16,,522 RIVER RD,311300,311300,608300,222100,919600,533400
404,17,,520 RIVER RD,124500,124500,198600,198600,323100,323100
404,18,,498 RIVER RD,442700,442700,693200,257900,1135900,700600
404,19,,474 RIVER RD,978200,978200,559900,289300,1538100,1267500
404,20,,429 RIVER RD,308000,308000,333700,333700,641700,641700
404,26,,535 RIVER RD,63500,63500,199300,199300,262800,262800
404,30,,599 RIVER RD,704800,704800,688900,441000,1393700,1145800
404,31,,21 GREGORY RD,580400,580400,356800,356800,937200,937200
404,32,,560 RIVER RD,326000,326000,653800,284500,979800,610500
404,34,,25 BRECK HILL RD,339400,339400,260800,260800,600200,600200
404,35,,7 GREGORY RD,406200,406200,343100,253700,749300,659900
404,36,,9 GREGORY RD,196100,196100,212500,212500,408600,408600
404,37,,40 BRECK HILL RD,0,0,265100,10200,265100,10200
404,38,,34 BRECK HILL RD,275900,275900,214600,214600,490500,490500
404,39,,30 BRECK HILL RD,365300,365300,357000,278300,722300,643600
404,40,,24 BRECK HILL RD,173600,173600,187700,187700,361300,361300
404,42,,2 BRECK HILL RD,331700,331700,281800,181300,613500,513000
404,43,,120 NORTH THETFORD RD,290800,290800,217800,217800,508600,508600
404,44,,108 NORTH THETFORD RD,142100,142100,156900,156900,299000,299000
404,45,,100 NORTH THETFORD RD,482800,482800,204900,204900,687700,687700
404,46,,94 NORTH THETFORD RD,0,0,294700,25000,294700,25000
404,47,,88 NORTH THETFORD RD,133200,133200,162100,162100,295300,295300
404,48,1000,74 NORTH THETFORD RD,133300,133300,217300,217300,350600,350600
404,48,2000,68 NORTH THETFORD RD,312700,312700,207400,207400,520100,520100
404,50,,78 NORTH THETFORD RD,609800,609800,202300,202300,812100,812100
404,51,,80 NORTH THETFORD RD,0,0,208200,400,208200,400
405,1,,43 BRECK HILL RD,159300,159300,181700,181700,341000,341000
405,2,,59 BRECK HILL RD,458500,458500,301900,287600,760400,746100
405,3,,81 BRECK HILL RD,0,0,54500,1500,54500,1500
405,4,,89 BRECK HILL RD,58700,58700,182400,182400,241100,241100
405,5,,99 BRECK HILL RD,561200,561200,270000,195900,831200,757100
405,7,,117 BRECK HILL RD,0,0,77200,4300,77200,4300
405,8,,125 BRECK HILL RD,544100,544100,312100,312100,856200,856200
405,9,,133 BRECK HILL RD,377000,377000,259400,175600,636400,552600
405,11,,722 RIVER RD,296800,296800,300900,184500,597700,481300
405,13,,668 RIVER RD,177800,177800,147700,147700,325500,325500
405,14,,664 RIVER RD,0,0,54100,1500,54100,1500
405,15,,658 RIVER RD,62700,62700,171200,171200,233900,233900
405,16,,652+654 RIVER RD,102700,102700,168200,168200,270900,270900
405,17,,644 RIVER RD,115400,115400,217500,167300,332900,282700
405,18,,642 RIVER RD,175800,175800,185500,185500,361300,361300
405,20,,616 RIVER RD,171800,171800,174300,174300,346100,346100
405,21,,614 RIVER RD,3600,3600,276400,133500,280000,137100
405,22,1000,610 RIVER RD,114900,114900,203800,203800,318700,318700
405,22,2000,608 RIVER RD,45800,45800,161200,161200,207000,207000
405,23,,10 GREGORY RD,300300,300300,270400,147500,570700,447800
405,24,,591 RIVER RD,123400,123400,162900,162900,286300,286300
405,25,,597 RIVER RD (PORTER CEMETERY,0,0,12200,12200,12200,12200
405,26,,605 RIVER RD,147600,147600,633900,290200,781500,437800
405,27,,609 RIVER RD,344200,344200,236700,236700,580900,580900
405,28,,625 RIVER RD,497800,497800,657500,362000,1155300,859800
405,29,,639 RIVER RD,247800,247800,332200,263700,580000,511500
405,30,1000,651 RIVER RD,732700,732700,508400,396100,1241100,1128800
405,30,2000,655 RIVER RD,184400,184400,578000,343600,762400,528000
405,31,,667 RIVER RD,169100,169100,180000,180000,349100,349100
405,32,,669 RIVER RD,181000,181000,183900,183900,364900,364900
405,33,,675 RIVER RD,203700,203700,1088400,327400,1292100,531100
405,35,,711 RIVER RD,862000,862000,1131400,884300,1993400,1746300
405,36,,729 RIVER RD,2084100,2084100,1349300,1349300,3433400,3433400
405,38,1000,765 RIVER RD,881300,881300,1036100,887500,1917400,1768800
405,38,2000,767 RIVER RD,810900,810900,976100,874800,1787000,1685700
405,39,,772 RIVER RD,443300,443300,267200,212000,710500,655300
405,40,,748 RIVER RD,0,0,19300,19300,19300,19300
405,42,1000,736 RIVER RD,169200,169200,567800,246300,737000,415500
405,42,2000,738 RIVER RD,971900,971900,671400,406900,1643300,1378800
405,44,,122 BRECK HILL RD,561900,561900,531100,227200,1093000,789100
405,45,1000,100 BRECK HILL RD,0,0,346300,11200,346300,11200
405,45,2000,92 BRECK HILL RD,0,0,190200,1000,190200,1000
405,46,,80 BRECK HILL RD,234800,234800,372000,290800,606800,525600
405,47,,68 BRECK HILL RD,541800,541800,257000,221200,798800,763000
405,48,,64 BRECK HILL RD,0,0,92900,2100,92900,2100
405,49,,60 BRECK HILL RD,0,0,33000,33000,33000,33000
405,50,,52 BRECK HILL RD,689900,689900,399500,302100,1089400,992000
406,1,,263 ORFORD RD (LAND ONLY),0,0,35000,35000,35000,35000
406,3,,301 ORFORD RD,133000,133000,128800,128800,261800,261800
406,4,,341 ORFORD RD,11500,11500,142900,78700,154400,90200
406,4,1,ORFORD RD,0,0,49900,3000,49900,3000
406,5,,355 ORFORD RD,155400,155400,136800,136800,292200,292200
406,6,,385 ORFORD RD,0,0,250000,20600,250000,20600
406,8,,393 ORFORD RD,189700,189700,133300,133300,323000,323000
406,9,,399  ORFORD RD,0,0,218000,4500,218000,4500
406,10,,396 ORFORD RD,243800,243800,191800,191800,435600,435600
406,11,,394 ORFORD RD,672000,672000,460500,166800,1132500,838800
406,12,,376 ORFORD RD,403700,403700,153200,153200,556900,556900
406,14,,368 ORFORD RD,153300,153300,155200,155200,308500,308500
406,15,,346 ORFORD RD,83100,83100,280100,184500,363200,267600
406,16,,ORFORD RD,0,0,218500,2300,218500,2300
406,17,,344 ORFORD RD,0,0,70300,6900,70300,6900
406,18,,328 ORFORD RD,147400,147400,203200,142200,350600,289600
406,19,,320 ORFORD RD,97700,97700,138300,138300,236000,236000
406,20,,314 ORFORD RD,89500,89500,210200,147700,299700,237200
406,21,,302 ORFORD RD,301300,301300,291700,147500,593000,448800
406,22,1000,280 ORFORD RD,553700,553700,220500,220500,774200,774200
406,22,2000,288 ORFORD RD,1128800,1128800,520300,230900,1649100,1359700
406,23,,264 ORFORD RD,428100,428100,297700,199300,725800,627400
406,24,,129 CULVER HILL LN,0,0,32700,1100,32700,1100
406,26,,137 MUD TURTLE POND RD,0,0,83150,4200,83150,4200
406,30,,85 ORFORDVILLE RD (TOWN FORE,0,0,585800,585800,585800,585800
406,31,,111 MUD TURTLE POND RD,0,0,287800,7700,287800,7700
406,32,,121 MUD TURTLE POND RD,0,0,4200,4200,4200,4200
406,33,,131 MUD TURTLE POND RD,0,0,4200,4200,4200,4200
406,34,,135 MUD TURTLE POND RD,228800,228800,81000,81000,309800,309800
406,35,,132+4 MUD TURTLE POND RD,279300,279300,245000,124600,524300,403900
406,36,,10 TAVERN LN,1610400,1610400,809400,341100,2419800,1951500
407,4,,105 ORFORD RD (LAND ONLY),0,0,40400,40400,40400,40400
407,5,1000,111 ORFORD RD (REC AREA),49000,49000,342900,342900,391900,391900
407,5,2000,115 ORFORD RD (CHAFFEE),0,0,126900,126900,126900,126900
407,6,,149 ORFORD RD,243400,243400,133300,133300,376700,376700
407,8,,31 POST POND LN,30000,30000,302800,258800,332800,288800
407,9,,41 POST POND LN,838300,838300,492700,492700,1331000,1331000
407,10,,45 POST POND LN,318500,318500,254900,254900,573400,573400
407,11,,47 POST POND LN,183500,183500,235400,235400,418900,418900
407,12,,49 POST POND LN,183300,183300,278100,278100,461400,461400
407,13,,51 POST POND LN,23900,23900,208300,208300,232200,232200
407,14,,53 POST POND LN,68500,68500,262400,262400,330900,330900
407,15,,55 POST POND LN,107000,107000,377200,269200,484200,376200
407,16,,57 POST POND LN,480400,480400,433200,433200,913600,913600
407,17,,61 POST POND LN,327800,327800,330000,330000,657800,657800
407,19,,65 POST POND LN,0,0,13900,13900,13900,13900
407,20,,67 POST POND LN,55700,55700,128400,128400,184100,184100
407,21,,69 POST POND LN,18200,18200,100700,100700,118900,118900
407,22,,72 POST POND LN,44600,44600,225800,194900,270400,239500
407,23,,62 POST POND LN,0,0,52400,11300,52400,11300
407,26,,50 POST POND LN,0,0,11600,11600,11600,11600
407,28,,32 POST POND LN,2600,2600,47600,47600,50200,50200
407,29,,22 POST POND LN,301300,301300,207100,161700,508400,463000
407,30,,16 POST POND LN,726400,726400,200500,200500,926900,926900
407,31,,11 NORTH THETFORD RD,400600,400600,265800,212900,666400,613500
407,32,,13 NORTH THETFORD RD,578500,578500,227500,227500,806000,806000
407,34,,17 NORTH THETFORD RD,191000,191000,152200,152200,343200,343200
407,35,,21 NORTH THETFORD RD,179300,179300,193800,193800,373100,373100
407,36,,33 NORTH THETFORD RD,301800,301800,191200,191200,493000,493000
407,37,,7 TURNER LN,227900,227900,214600,136100,442500,364000
407,38,,15 TURNER LN,486500,486500,179200,179200,665700,665700
407,40,,57 NORTH THETFORD RD,48900,48900,77600,77600,126500,126500
407,41,,52 NORTH THETFORD RD,208100,208100,176600,176600,384700,384700
407,42,,48 NORTH THETFORD RD,216000,216000,149500,149500,365500,365500
407,43,,38 NORTH THETFORD RD,66400,66400,191800,191800,258200,258200
407,44,,8 PUSHEE FALLS LN,146600,146600,149000,149000,295600,295600
407,45,,4 PUSHEE FALLS LN,2000,2000,8800,8800,10800,10800
407,46,,30 NORTH THETFORD RD,213600,213600,196500,196500,410100,410100
407,47,,22 NORTH THETFORD RD,210800,210800,170800,170800,381600,381600
407,48,,18 NORTH THETFORD RD,144900,144900,157600,157600,302500,302500
407,51,,187 ORFORD RD,162700,162700,125900,125900,288600,288600
407,53,1000,215 ORFORD RD,826700,826700,257900,181900,1084600,1008600
407,53,2000,207 ORFORD RD,431900,431900,203100,203100,635000,635000
407,53,3000,205 ORFORD RD,545900,545900,190100,190100,736000,736000
407,53,4000,82 NORTH THETFORD RD,478200,478200,229900,158900,708100,637100
407,54,,241 ORFORD RD,0,0,447800,9600,447800,9600
407,55,,236 ORFORD RD,341500,341500,280700,157400,622200,498900
407,56,1000,216 ORFORD RD,213000,213000,175200,175200,388200,388200
407,56,2000,226 ORFORD RD,0,0,208600,2400,208600,2400
407,57,,186 ORFORD RD,209100,209100,145600,145600,354700,354700
407,58,1000,15 WHIPPLE HILL RD,0,0,466700,21900,466700,21900
407,59,,1 CULVER HILL LN,446600,446600,301400,217700,748000,664300
407,60,1000,1 TAVERN LN,559500,559500,267700,267700,827200,827200
407,60,2000,3 TAVERN LN,0,0,270500,270500,270500,270500
407,60,3000,7 TAVERN LN,1054700,1054700,284700,284700,1339400,1339400
407,60,4000,8 TAVERN LN,854300,854300,389700,275100,1244000,1129400
407,60,5000,41 CULVER HILL LN,375400,375400,271100,271100,646500,646500
407,60,6000,47 CULVER HILL LN,540400,540400,329500,329500,869900,869900
407,60,7000,48 CULVER HILL LN,668000,668000,334400,334400,1002400,1002400
407,61,,63 CULVER HILL LN,146100,146100,363400,243200,509500,389300
407,62,,56 CULVER HILL LN,602000,602000,344800,274100,946800,876100
407,63,,23 CLOVER MILL LN,256800,256800,294500,294500,551300,551300
407,64,,20 CULVER HILL LN,525500,525500,352900,222500,878400,748000
407,65,,37 WHIPPLE HILL RD,0,0,273700,7000,273700,7000
407,66,,63 WHIPPLE HILL RD,657300,657300,297600,297600,954900,954900
407,67,,19 CLOVER MILL LN,394000,394000,330800,330800,724800,724800
407,68,,27 CLOVER MILL LN,424400,424400,417700,311400,842100,735800
407,69,,28 CLOVER MILL LN,1062400,1062400,588700,477600,1651100,1540000
407,70,,16 CLOVER MILL LN,926200,926200,272500,272500,1198700,1198700
407,71,,79 WHIPPLE HILL RD,299700,299700,228100,169900,527800,469600
407,72,,89 WHIPPLE HILL RD,335600,335600,256700,185000,592300,520600
407,73,,95 WHIPPLE HILL RD,475900,475900,560300,353400,1036200,829300
407,74,,101 WHIPPLE HILL RD,506500,506500,426100,179500,932600,686000
407,75,,111 WHIPPLE HILL RD,167000,167000,173400,173400,340400,340400
407,76,1000,119 WHIPPLE HILL RD,516900,516900,258900,186400,775800,703300
407,76,2000,117 WHIPPLE HILL RD,244400,244400,228800,182200,473200,426600
407,76,3000,115 WHIPPLE HILL RD,363200,363200,548200,293800,911400,657000
407,77,,36 MUD TURTLE POND RD,0,0,251800,251800,251800,251800
407,78,,135 WHIPPLE HILL RD,122500,122500,223700,165700,346200,288200
407,79,,149 WHIPPLE HILL RD,103400,103400,177900,177900,281300,281300
407,80,,165 WHIPPLE HILL RD,0,0,289600,136500,289600,136500
407,81,,160 WHIPPLE HILL RD,0,0,181700,500,181700,500
407,83,,150 WHIPPLE HILL RD,53400,53400,141100,141100,194500,194500
407,84,,132 WHIPPLE HILL RD,313700,313700,222400,150400,536100,464100
407,86,1000,10 WHIPPLE HILL RD,8700,8700,483700,29100,492400,37800
407,86,1100,10 WHIPPLE HILL RD-GRAVELPIT,0,0,179500,179500,179500,179500
407,86,3000, WHIPPLE HILL RD,0,0,65400,400,65400,400
407,86,4000, WHIPPLE HILL RD,0,0,231200,3100,231200,3100
407,86,5000, WHIPPLE HILL RD,0,0,244300,6400,244300,6400
407,86,6000, WHIPPLE HILL RD,0,0,206800,2800,206800,2800
407,86,7000, WHIPPLE HILL RD,0,0,213100,2500,213100,2500
407,87,,150 ORFORD RD,627900,627900,215800,215800,843700,843700
407,88,,144 ORFORD RD,195800,195800,149200,149200,345000,345000
407,89,,124 ORFORD RD,0,0,269900,6400,269900,6400
407,90,,1 PINNACLE RD,283000,283000,205900,205900,488900,488900
407,91,,11 PINNACLE RD,256700,256700,176600,176600,433300,433300
407,92,,21 PINNACLE RD,0,0,142900,142900,142900,142900
407,93,,31 PINNACLE RD,161200,161200,147700,147700,308900,308900
407,94,,33 PINNACLE RD,127300,127300,164800,164800,292100,292100
407,95,,35 PINNACLE RD,404000,404000,206900,206900,610900,610900
407,96,1100,37+51 PINNACLE RD,831100,831100,401000,285700,1232100,1116800
407,96,1200,45 PINNACLE RD,94200,94200,152700,152700,246900,246900
407,96,2000,39 PINNACLE RD,11200,11200,149400,149400,160600,160600
407,97,,65 PINNACLE RD,857100,857100,551300,314100,1408400,1171200
407,98,,63 PINNACLE RD,484200,484200,382900,240000,867100,724200
407,99,,67+69 PINNACLE RD,238800,238800,166500,166500,405300,405300
407,100,,75 PINNACLE RD,136300,136300,156300,156300,292600,292600
407,101,,83 PINNACLE RD,273500,273500,222700,130600,496200,404100
407,102,1000,91 PINNACLE RD,413000,413000,181300,181300,594300,594300
407,102,2000,109 PINNACLE RD,0,0,268100,2800,268100,2800
407,104,,121 PINNACLE RD,236000,236000,161200,161200,397200,397200
407,106,,153 PINNACLE RD,55500,55500,94000,94000,149500,149500
407,107,,1 ORFORDVILLE RD,535400,535400,214900,214900,750300,750300
407,108,,11 ORFORDVILLE RD,5400,5400,457100,148600,462500,154000
407,109,,112 HIGHBRIDGE RD,375900,375900,182900,182900,558800,558800
407,110,,100 HIGHBRIDGE RD,1185500,1185500,377100,328400,1562600,1513900
407,111,,92 HIGHBRIDGE RD,395700,395700,679100,215800,1074800,611500
407,113,,66 HIGHBRIDGE RD,453900,453900,446200,235100,900100,689000
407,114,,42 HIGHBRIDGE RD,715100,715100,336900,206400,1052000,921500
407,115,,41 HIGHBRIDGE RD,0,0,722500,14500,722500,14500
407,116,,53 HIGHBRIDGE RD,268500,268500,184100,184100,452600,452600
407,117,,65 HIGHBRIDGE RD,194900,194900,182800,182800,377700,377700
407,118,,85 HIGHBRIDGE RD,747800,747800,384400,259700,1132200,1007500
407,119,,95 HIGHBRIDGE RD,17300,17300,352400,214900,369700,232200
407,120,,124 PINNACLE RD,256800,256800,214500,139900,471300,396700
407,122,,1 CUTTING HILL LN,494100,494100,176200,176200,670300,670300
407,123,,11 CUTTING HILL LN,378600,378600,252100,252100,630700,630700
407,124,,15 CUTTING HILL LN,611800,611800,303400,222200,915200,834000
407,125,1000,19 CUTTING HILL LN,954300,954300,279300,195200,1233600,1149500
407,125,2000,47 HIGHBRIDGE RD,0,0,243100,1300,243100,1300
407,128,,98 PINNACLE RD,38200,38200,190600,190600,228800,228800
407,130,,7 MASA MOREY LN,301900,301900,308300,207100,610200,509000
407,131,,43 MASA MOREY LN,749700,749700,900000,566000,1649700,1315700
407,133,,64 PINNACLE RD,393900,393900,358200,294900,752100,688800
407,134,,50 PINNACLE RD,159900,159900,138800,138800,298700,298700
407,135,,24 PINNACLE RD,1136400,1136400,699600,699600,1836000,1836000
407,136,,10 PINNACLE RD,0,0,100800,100800,100800,100800
407,137,,100 ORFORD RD,392400,392400,180000,180000,572400,572400
407,138,,4 PINNACLE RD,156300,156300,120200,120200,276500,276500
407,139,,96 ORFORD RD,342000,342000,236200,236200,578200,578200
407,140,,92 ORFORD RD,0,0,258500,18800,258500,18800
407,141,,84 ORFORD RD,484200,484200,245900,244700,730100,728900
408,1,,16 BRITTON LN,258300,258300,142000,142000,400300,400300
408,1,100,44 BRITTON LN,319000,319000,277400,144400,596400,463400
408,2,,39 PLEASANT ST,534600,534600,365900,180000,900500,714600
408,3,,11 ORFORD RD,106100,106100,130700,130700,236800,236800
408,4,,13 ORFORD RD,543500,543500,205900,205900,749400,749400
408,5,,15 ORFORD RD,127100,127100,93200,93200,220300,220300
408,6,,23 ORFORD RD,83600,83600,152200,152200,235800,235800
408,7,,27 ORFORD RD,4300,4300,297500,88900,301800,93200
408,8,,35 ORFORD RD,211500,211500,141600,141600,353100,353100
408,9,,41 ORFORD RD,0,0,113800,113800,113800,113800
408,12,,92 POST POND LN (LAND ONLY),0,0,117700,117700,117700,117700
408,13,,88 POST POND LN,33500,33500,152200,152200,185700,185700
408,14,,86 POST POND LN,1500,1500,156500,46500,158000,48000
408,15,,108 POST POND LN,35100,35100,139500,139500,174600,174600
408,16,,110 POST POND LN,79000,79000,125500,125500,204500,204500
408,18,,114 POST POND LN,42800,42800,128800,128800,171600,171600
408,19,,59 ORFORD RD,0,0,206700,500,206700,500
408,20,,60 ORFORD RD,72500,72500,280300,265300,352800,337800
408,21,,60 MASA MOREY LN,0,0,290600,8700,290600,8700
408,22,1000,70 ORFORD RD,343900,343900,903800,903800,1247700,1247700
408,22,2000,ORFORD RD,37100,37100,465700,121900,502800,159000
408,23,,42 ORFORD RD,0,0,422400,7000,422400,7000
408,24,,24 ORFORD RD,203600,203600,139000,139000,342600,342600
408,25,,16 ORFORD RD,714500,714500,334100,334100,1048600,1048600
408,26,,21 SPRING HILL LN,0,0,165600,300,165600,300
408,27,,24 SPRING HILL LN,0,0,156600,300,156600,300
408,28,,60 SPRING HILL LN,913800,913800,367800,228200,1281600,1142000
408,29,,60 ROCKY HILL LN,1064900,1064900,808600,632100,1873500,1697000
408,30,,45 DORCHESTER RD,314000,314000,269600,177800,583600,491800
408,31,,53 DORCHESTER RD,209700,209700,155600,155600,365300,365300
408,33,,61 DORCHESTER RD,367100,367100,181500,181500,548600,548600
408,34,,63 DORCHESTER RD,397900,397900,289300,202700,687200,600600
408,35,,30 CITADEL LN,525300,522300,788000,318800,1313300,841100
408,36,,18 CITADEL LN,146500,146500,300200,300200,446700,446700
408,37,,43 FRANKLIN HILL RD,434800,434800,228300,228300,663100,663100
408,38,,57 FRANKLIN HILL RD,187900,187900,352500,263500,540400,451400
408,39,,73 FRANKLIN HILL RD,468400,468400,403300,315800,871700,784200
408,40,,83 FRANKLIN HILL RD,325900,325900,465800,336100,791700,662000
408,41,,7 HORTON LN,183200,183200,218400,164800,401600,348000
408,42,,11 HORTON LN,384400,384400,224300,181600,608700,566000
408,43,,56 HORTON LN,1268800,1268800,371500,289500,1640300,1558300
408,44,,HORTON LN,6300,6300,141500,16400,147800,22700
408,45,,108 HORTON LN,21300,21300,143600,51700,164900,73000
408,46,,44 HORTON LN,191000,191000,235500,161500,426500,352500
408,47,1000,36 HORTON LN,998100,998100,474700,362200,1472800,1360300
408,47,2000,18 HORTON LN,0,0,160200,800,160200,800
408,48,1000,145 FRANKLIN HILL RD,0,0,554000,155100,554000,155100
408,48,2000,129 FRANKLIN HILL RD,403600,403600,192900,113200,596500,516800
408,50,,181 ACORN HILL RD,743700,743700,282800,198200,1026500,941900
408,51,,11 HIGHBRIDGE RD,1117300,1117300,352700,270000,1470000,1387300
408,52,,3 HARDSCRABBLE LN,0,0,138700,6100,138700,6100
408,53,,11 HARDSCRABBLE LN,0,0,425300,1200,425300,1200
408,54,,21 HARDSCRABBLE LN,738600,738600,515300,266100,1253900,1004700
408,55,,18 + 20 HARDSCRABBLE LN,563900,563900,675100,440300,1239000,1004200
408,56,,172 ACORN HILL RD,114200,114200,178100,178100,292300,292300
408,57,1000,112 ACORN HILL RD,0,0,375900,700,375900,700
408,57,2000,118 ACORN HILL RD,0,0,428000,3300,428000,3300
408,57,3000,146 ACORN HILL RD,1264700,1264700,1184800,637700,2449500,1902400
408,57,4000,160 ACORN HILL RD,487700,487700,403500,250900,891200,738600
408,58,,82 ACORN HILL RD,420600,420600,852600,317400,1273200,738000
408,59,,70 ACORN HILL RD,0,0,81400,3700,81400,3700
408,60,,62 ACORN HILL RD,25900,25900,149300,149300,175200,175200
408,61,1000,21 POUT POND LN,133700,133700,155800,155800,289500,289500
408,61,2000,29 POUT POND LN,171000,171000,178500,178500,349500,349500
408,62,,53 ACORN HILL RD,250500,250500,235300,235300,485800,485800
408,63,,67  ACORN HILL RD,860200,860200,522500,346200,1382700,1206400
408,64,1000,75 ACORN HILL RD,399600,399600,335600,269300,735200,668900
408,64,2000,77 ACORN HILL RD,302400,302400,249100,205200,551500,507600
408,66,,115 ACORN HILL RD,29900,29900,171500,171500,201400,201400
408,67,,145 ACORN HILL RD,0,0,477500,6500,477500,6500
408,68,,171 ACORN HILL RD (LAND ONLY),0,0,400,400,400,400
408,70,1000,108 FRANKLIN HILL RD,0,0,222900,1200,222900,1200
408,70,2000,114 FRANKLIN HILL RD,458600,458600,263000,263000,721600,721600
408,71,1000,96 FRANKLIN HILL RD,596300,596300,440400,245000,1036700,841300
408,71,2000,84 FRANKLIN HILL RD,432600,432600,276100,152100,708700,584700
408,72,,76 FRANKLIN HILL RD,397900,397900,168600,168600,566500,566500
408,73,,70 FRANKLIN HILL RD,402700,402700,227300,227300,630000,630000
408,74,,66 FRANKLIN HILL RD,324200,324200,261900,261900,586100,586100
408,75,1000,56 FRANKLIN HILL RD,393600,393600,339500,258300,733100,651900
408,75,3000,44 FRANKLIN HILL RD,3500,3500,400400,89800,403900,93300
409,3,,1 FRANKLIN HILL RD,334800,334800,143600,143600,478400,478400
409,5,,14 FRANKLIN HILL RD,383600,383600,386900,201100,770500,584700
409,7,,141 DORCHESTER RD,161600,161600,106600,106600,268200,268200
409,8,,147 DORCHESTER RD,134400,134400,133800,133800,268200,268200
409,9,,165 DORCHESTER RD,183800,183800,126300,126300,310100,310100
409,10,,167 DORCHESTER RD,134700,134700,156100,156100,290800,290800
409,11,,169 DORCHESTER RD,91100,91100,124900,124900,216000,216000
409,12,1000,171 DORCHESTER RD,311600,311600,108600,108600,420200,420200
409,12,2000,173 DORCHESTER RD,229100,229100,112600,112600,341700,341700
409,13,,175 DORCHESTER RD,209600,209600,115100,115100,324700,324700
409,14,,177 DORCHESTER RD,383800,383800,243800,243800,627600,627600
409,15,,179 DORCHESTER RD,371900,371900,112400,112400,484300,484300
409,16,,181 DORCHESTER RD,245600,245600,239300,239300,484900,484900
409,17,,15 DERBY LN,0,0,211200,211200,211200,211200
409,18,,183 DORCHESTER RD (LCAB),524400,524400,231100,231100,755500,755500
409,19,,185 DORCHESTER RD,376200,376200,166000,166000,542200,542200
409,20,,187 DORCHESTER RD,467700,467700,172900,172900,640600,640600
409,21,,11 ACORN HILL RD,207300,207300,302900,162600,510200,369900
409,22,,45 ACORN HILL RD,143300,143300,156100,156100,299400,299400
409,23,1000,32 POUT POND LN,621200,621200,221300,221300,842500,842500
409,23,2000,34 POUT POND LN,660000,660000,249300,249300,909300,909300
409,24,,22 POUT POND LN,207900,207900,172600,172600,380500,380500
409,25,,38 ACORN HILL RD,0,0,158100,1600,158100,1600
409,26,,34 ACORN HILL RD,245500,245500,151600,151600,397100,397100
409,27,,26 ACORN HILL RD,463100,463100,266000,181400,729100,644500
409,28,,28 ACORN HILL RD,0,0,221300,900,221300,900
409,29,,20 ACORN HILL RD,262700,262700,211800,211800,474500,474500
409,30,,8 ACORN HILL RD,584200,584200,192500,192500,776700,776700
409,31,,2 ACORN HILL RD,26100,26100,134100,134100,160200,160200
409,32,,197 DORCHESTER RD,94700,94700,130300,130300,225000,225000
409,34,,201 DORCHESTER RD,270900,270900,128900,128900,399800,399800
409,35,,215 DORCHESTER RD,112400,112400,137000,137000,249400,249400
409,36,,225 DORCHESTER RD,12100,12100,137300,137300,149400,149400
409,37,,227 DORCHESTER RD,90800,90800,118300,118300,209100,209100
409,39,,1 FLINT HILL RD,107000,107000,139600,139600,246600,246600
409,40,,232 DORCHESTER RD,258800,258800,411500,164100,670300,422900
409,43,,224 DORCHESTER RD,4100,4100,12000,1100,16100,5200
409,44,,228 DORCHESTER RD,77800,77800,131000,131000,208800,208800
409,45,,216 DORCHESTER RD,0,0,680300,13500,680300,13500
409,46,,202 DORCHESTER RD,210700,210700,135900,135900,346600,346600
409,47,,196 DORCHESTER RD,145200,145200,171100,171100,316300,316300
409,48,,188 DORCHESTER RD,165900,165900,89400,89400,255300,255300
409,49,,182 DORCHESTER RD,336100,336100,186700,186700,522800,522800
409,50,,180 DORCHESTER RD,212500,212500,160700,160700,373200,373200
409,51,,11 BAKER HILL RD,442600,442600,379500,212200,822100,654800
409,53,1000,59 BAKER HILL RD,0,0,141700,4800,141700,4800
409,53,2000,57 BAKER HILL RD,179900,179900,361400,166900,541300,346800
409,54,,63 BAKER HILL RD,370900,370900,175200,175200,546100,546100
409,55,,67 + 69 BAKER HILL RD,348300,348300,184800,184800,533100,533100
409,56,,71 BAKER HILL RD,131500,131500,140300,140300,271800,271800
409,57,,95 BAKER HILL RD,0,0,366700,10800,366700,10800
409,59,,117 BAKER HILL RD,0,0,443800,9900,443800,9900
409,60,,127 BAKER HILL RD,56500,56500,122100,122100,178600,178600
409,61,,124 BAKER HILL RD,122600,122600,155100,155100,277700,277700
409,63,,25 ISAAC PERKINS RD,43400,43400,191800,94600,235200,138000
409,64,,41 ISAAC PERKINS RD,265300,265300,163000,163000,428300,428300
409,65,,47 ISAAC PERKINS RD,81200,81200,169000,169000,250200,250200
409,67,,68 ISAAC PERKINS RD,370500,370500,395200,182300,765700,552800
409,68,,54 ISAAC PERKINS RD,160500,160500,195700,195700,356200,356200
409,69,,48 ISAAC PERKINS RD,142900,142900,148400,148400,291300,291300
409,70,,40 ISAAC PERKINS RD,277500,277500,202000,202000,479500,479500
409,71,,34 ISAAC PERKINS RD,261400,261400,264800,176100,526200,437500
409,72,,160 EAST ST,0,0,401100,19100,401100,19100
409,73,,65 ALDEN LN,0,0,12200,12200,12200,12200
409,75,,16 ISAAC PERKINS RD,368900,368900,354100,264300,723000,633200
409,76,,10 ISAAC PERKINS-1 ALDEN  RD,145000,145000,176700,141700,321700,286700
409,77,,6 ISAAC PERKINS RD,384200,384200,458200,200600,842400,584800
409,78,,60 BAKER HILL RD,298200,298200,306900,179500,605100,477700
409,79,,62 BAKER HILL RD,17100,17100,103900,16600,121000,33700
409,80,,56 BAKER HILL RD,162400,162400,251800,251800,414200,414200
409,81,,54 BAKER HILL RD,263600,263600,206300,206300,469900,469900
409,82,,48 BAKER HILL RD,53700,53700,226100,226100,279800,279800
409,83,,14 BAKER HILL RD,103600,103600,97000,97000,200600,200600
409,84,,12 BAKER HILL RD,0,0,422400,113300,422400,113300
409,85,,2 BAKER HILL RD,355700,355700,143100,143100,498800,498800
409,86,,176 DORCHESTER RD,348600,348600,147700,147700,496300,496300
409,87,,168 DORCHESTER RD,245800,245800,152800,152800,398600,398600
409,88,,166 DORCHESTER RD,125600,125600,100500,100500,226100,226100
409,90,,162 DORCHESTER RD,68200,68200,105400,105400,173600,173600
409,91,,150 DORCHESTER RD,128000,128000,131300,131300,259300,259300
409,93,,130 DORCHESTER RD,0,0,4400,4400,4400,4400
409,94,,116 DORCHESTER RD,31100,31100,161400,161400,192500,192500
409,95,,98 DORCHESTER RD,73600,73600,147200,147200,220800,220800
409,96,,72 DORCHESTER RD,118300,118300,260900,136000,379200,254300
409,98,,136 WASHBURN HILL RD,859100,859100,1044500,328400,1903600,1187500
409,99,,92 WASHBURN HILL RD,1616600,1616600,865600,469200,2482200,2085800
409,100,,100 EAST ST,0,0,327000,16900,327000,16900
410,2,,60 EAST ST,0,0,72300,1700,72300,1700
410,3,,294 BAKER HILL RD,9400,9400,270800,17000,280200,26400
410,5,,232 BAKER HILL RD,952200,952200,438500,193100,1390700,1145300
410,6,,216 BAKER HILL RD,132200,132200,194200,194200,326400,326400
410,9,1000,190 BAKER HILL RD,536700,536700,476500,155500,1013200,692200
410,9,2000,198 BAKER HILL RD,0,0,338400,8800,338400,8800
410,10,1000,172 BAKER HILL RD,620900,620900,336000,192600,956900,813500
410,10,2000,180 BAKER HILL RD,0,0,180000,1600,180000,1600
410,11,,168 BAKER HILL RD,62100,62100,169800,169800,231900,231900
410,12,,159 BAKER HILL RD,496200,496200,139200,139200,635400,635400
410,13,1200,BAKER HILL RD,33600,33600,88000,88000,121600,121600
410,13,2000,15 BAILEY HILL LN,0,0,220200,5300,220200,5300
410,15,,99 BEAR HILL LN,200900,200900,103900,103900,304800,304800
410,16,,101 BEAR HILL LN,0,0,66800,100,66800,100
410,18,,103 BEAR HILL LN,0,0,92100,100,92100,100
410,19,,107 BEAR HILL LN,33700,33700,95900,95900,129600,129600
410,20,,111 BEAR HILL LN,0,0,572000,3900,572000,3900
410,21,,102 BEAR HILL LN,0,0,33700,100,33700,100
410,22,,38 BAILEY HILL LN,0,0,140400,1300,140400,1300
410,24,,24 BAILEY HILL LN,0,0,83500,83500,83500,83500
410,28,,205 BAKER HILL RD,89200,89200,145200,145200,234400,234400
410,29,,215 BAKER HILL RD,309500,309500,161300,161300,470800,470800
410,30,,7 CLAFLIN LN,0,0,139200,139200,139200,139200
410,31,,15 CLAFLIN LN,179900,179900,240600,240600,420500,420500
410,33,1000,42 CLAFLIN LN,1543900,1543900,780600,319000,2324500,1862900
410,33,2000,44 BAILEY HILL LN,0,0,997900,30700,997900,30700
410,34,,12 CLAFLIN LN,0,0,197900,900,197900,900
410,35,,25 PICO RD,0,0,227800,1800,227800,1800
410,36,,43 PICO RD,237600,237600,194800,194800,432400,432400
410,37,,14 CLAFLIN LN,0,0,23100,400,23100,400
410,38,,59 PICO RD,176500,176500,127400,127400,303900,303900
410,39,,65 PICO RD,94200,94200,134800,134800,229000,229000
410,40,,75 PICO RD,0,0,353700,3100,353700,3100
410,41,,7 BLISS LN,535000,535000,434700,189900,969700,724900
410,42,,31 BLISS LN,538000,538000,432800,187500,970800,725500
410,46,1000,74 BLISS LN,653900,653900,489400,214600,1143300,868500
410,46,2000,66 BLISS LN,0,0,327900,800,327900,800
410,48,,60 BLISS LN,0,0,128800,128800,128800,128800
410,49,,54 BLISS LN,196600,196600,168700,168700,365300,365300
410,50,,50 BLISS LN,73200,73200,455600,222800,528800,296000
410,51,,44 BLISS LN,0,0,13400,13400,13400,13400
410,55,,52 PICO RD,204900,204900,130200,130200,335100,335100
410,56,,243 BAKER HILL RD,0,0,290700,3700,290700,3700
410,57,,293 BAKER HILL RD,370500,370500,232200,163700,602700,534200
410,58,,305 BAKER HILL RD,221000,221000,148900,148900,369900,369900
410,59,,171 GOOSE POND RD,27800,27800,97300,97300,125100,125100
410,60,,179 GOOSE POND RD,37100,37100,140400,140400,177500,177500
410,61,,183 GOOSE POND RD,39500,39500,95000,95000,134500,134500
410,62,,193 GOOSE POND RD,27000,27000,50400,50400,77400,77400
410,63,,203 GOOSE POND RD,194300,194300,103600,103600,297900,297900
410,64,,239 GOOSE POND RD,50200,50200,304400,120200,354600,170400
410,66,,97 PICO RD,0,0,107900,100,107900,100
410,68,,252 GOOSE POND RD,54200,54200,338100,119100,392300,173300
410,69,,240 GOOSE POND RD,605600,605600,534600,163900,1140200,769500
410,70,,216 GOOSE POND RD,121200,121200,111300,111300,232500,232500
410,71,,192 GOOSE POND RD,200,200,144400,144400,144600,144600
410,72,,188 GOOSE POND RD,234700,234700,229200,111100,463900,345800
410,73,,182 GOOSE POND RD,82700,82700,92300,92300,175000,175000
410,74,,176 GOOSE POND RD,26500,26500,75000,75000,101500,101500
410,75,,174 GOOSE POND RD,40000,40000,46500,46500,86500,86500
410,76,,172 GOOSE POND RD,36300,36300,69300,69300,105600,105600
410,77,,321 BAKER HILL RD,275600,275600,143300,143300,418900,418900
410,78,,327 BAKER HILL RD,0,0,3300,3300,3300,3300
410,79,,331 BAKER HILL RD,68200,68200,151900,151900,220100,220100
410,80,,347 BAKER HILL RD,380000,380000,266400,148900,646400,528900
411,1,,289 GOOSE POND RD,484500,484500,249600,174400,734100,658900
411,4,,311 GOOSE POND RD,165700,165700,275900,169900,441600,335600
411,5,,333 GOOSE POND RD,195100,195100,190700,190700,385800,385800
411,6,,349 GOOSE POND RD,0,0,347500,347500,347500,347500
411,7,,371 GOOSE POND RD,0,0,311600,4800,311600,4800
411,9,,354 GOOSE POND RD,0,0,100400,100400,100400,100400
411,10,,334 GOOSE POND RD,0,0,217300,1100,217300,1100
411,11,,322 GOOSE POND RD,343100,343100,221600,149700,564700,492800
411,12,,310 GOOSE POND RD,77200,77200,178200,125000,255400,202200
411,13,,290 GOOSE POND RD,0,0,304500,4400,304500,4400
412,2,,330 GRAFTON TK,0,0,205000,3600,205000,3600
412,3,,280 GRAFTON TK,0,0,2792500,102500,2792500,102500
413,1,,101 GRAFTON TK,70500,70500,85100,85100,155600,155600
413,2,,107 GRAFTON TK,182400,182400,154900,154900,337300,337300
413,3,,117 GRAFTON TK,154000,154000,142600,142600,296600,296600
413,4,,131 GRAFTON TK,0,0,519500,14800,519500,14800
413,5,,137 GRAFTON TK,527000,527000,253000,191300,780000,718300
413,6,,139 GRAFTON TK,261600,261600,299800,171700,561400,433300
413,7,,177 GRAFTON TK,0,0,83700,1200,83700,1200
413,8,,177  GRAFTON TPK,0,0,207500,3800,207500,3800
413,9,,210 GRAFTON TPK,58600,58600,258000,123700,316600,182300
413,10,,21 TYLER HILL RD,0,0,324600,13700,324600,13700
413,11,,64 TYLER HILL RD,0,0,59000,1200,59000,1200
413,13,,194 GRAFTON TK,0,0,72300,500,72300,500
413,14,,172 GRAFTON TK,477000,477000,348700,167100,825700,644100
413,14,      E,172E  GRAFTON TK,60000,60000,0,0,60000,60000
413,15,,130 GRAFTON TK,0,0,290400,6800,290400,6800
413,16,,100 GRAFTON TK,1200,1200,113100,113100,114300,114300
413,17,,96 GRAFTON TK,0,0,110100,110100,110100,110100
413,19,,17 CANAAN LEDGE LN (L/O),0,0,22300,22300,22300,22300
413,20,,25 CANAAN LEDGE LN (L/O),0,0,77500,77500,77500,77500
413,22,,22 CANAAN LEDGE LN,314400,314400,160200,160200,474600,474600
413,23,,18 CANAAN LEDGE LN,325600,325600,168700,168700,494300,494300
413,24,,14 CANAAN LEDGE LN,4300,4300,63600,63600,67900,67900
413,25,,16 CANAAN LEDGE LN,0,0,0,0,0,0
413,26,,10 CANAAN LEDGE LN,119800,119800,138500,138500,258300,258300
413,27,,6 CANAAN LEDGE LN,165800,165800,130700,130700,296500,296500
413,28,,4 CANAAN LEDGE LN,284500,284500,138100,138100,422600,422600
413,29,,2 CANAAN LEDGE LN,294100,294100,138100,138100,432200,432200
413,30,,72 GRAFTON TK,189100,189100,138100,138100,327200,327200
413,31,,70 GRAFTON TK,187600,187600,145500,145500,333100,333100
413,33,,GRAFTON TK,0,0,625400,625400,625400,625400
414,1,,5 FLINT HILL RD,0,0,16100,16100,16100,16100
414,2,,17 FLINT HILL RD,293700,293700,162800,162800,456500,456500
414,3,,21 FLINT HILL RD,294100,294100,199500,199500,493600,493600
414,5,,35 POUT POND LN,116300,116300,167700,167700,284000,284000
414,6,,39 POUT POND LN,470800,470800,190000,190000,660800,660800
414,7,,45 POUT POND LN,390400,390400,189300,189300,579700,579700
414,8,,57 POUT POND LN,0,0,33200,200,33200,200
414,9,1000,60 POUT POND LN,0,0,419900,5000,419900,5000
414,9,2000,62 POUT POND LN,645300,645300,228300,168900,873600,814200
414,11,1100,75 FLINT HILL RD,376600,376600,268300,195800,644900,572400
414,11,1200,63 FLINT HILL RD,0,0,428700,7600,428700,7600
414,12,,91 FLINT HILL RD,222900,222900,218500,171500,441400,394400
414,13,,80 POUT POND LN,831300,831300,714300,458200,1545600,1289500
414,14,,39 SMITH MOUNTAIN RD,425300,425300,360300,149000,785600,574300
414,15,,53 SMITH MOUNTAIN RD,588800,588800,295700,207200,884500,796000
414,16,,67 SMITH MOUNTAIN RD,34700,34700,80000,33200,114700,67900
414,17,,30 SMITH MOUNTAIN RD,358200,358200,279000,135100,637200,493300
414,19,,12 SMITH MOUNTAIN RD,156500,156500,147100,147100,303600,303600
414,20,,99 FLINT HILL RD,304300,304300,176600,176600,480900,480900
414,21,,107 FLINT HILL RD,129400,129400,136700,136700,266100,266100
414,22,,115 FLINT HILL RD,114800,114800,120800,120800,235600,235600
414,23,,119 FLINT HILL RD,66500,66500,143200,143200,209700,209700
414,25,,321 DORCHESTER RD,0,0,299900,3400,299900,3400
414,26,1000,74 FLINT HILL RD,510900,510900,415900,281800,926800,792700
414,26,2000,66 FLINT HILL RD,455900,455900,319500,235400,775400,691300
414,27,,44 FLINT HILL RD,176600,176600,414100,414100,590700,590700
414,28,,8 FLINT HILL RD,278300,278300,168700,168700,447000,447000
414,29,,261 DORCHESTER RD,457500,457500,190500,129900,648000,587400
414,30,1000,265 DORCHESTER RD,363500,363500,157800,157800,521300,521300
414,30,2000,263 DORCHESTER RD,238500,238500,140300,140300,378800,378800
414,31,,267 DORCHESTER RD,149000,149000,130700,130700,279700,279700
414,32,,307 DORCHESTER RD,156000,156000,409000,170500,565000,326500
414,34,,343 DORCHESTER RD,255500,255500,146600,146600,402100,402100
414,35,,353 DORCHESTER RD,324100,324100,173300,173300,497400,497400
414,36,,359 DORCHESTER RD,278100,278100,149300,149300,427400,427400
414,37,,361 DORCHESTER RD,28300,28300,126800,126800,155100,155100
414,38,,371 DORCHESTER RD,184700,184700,232400,136800,417100,321500
414,39,,379 DORCHESTER RD (LAND ONLY),0,0,5200,5200,5200,5200
414,40,,383 DORCHESTER RD,312500,312500,150800,150800,463300,463300
414,41,,393 DORCHESTER RD,369200,369200,369100,151700,738300,520900
414,43,,401 DORCHESTER RD,312200,312200,168100,168100,480300,480300
414,44,,443 DORCHESTER RD,0,0,294200,13900,294200,13900
414,45,,473 DORCHESTER RD,0,0,304600,304600,304600,304600
414,48,, DORCHESTER RD,0,0,118800,2800,118800,2800
414,49,,370 DORCHESTER RD,0,0,181900,2600,181900,2600
414,50,,428 DORCHESTER RD,0,0,33700,400,33700,400
414,51,,442 DORCHESTER RD,0,0,186800,186800,186800,186800
414,53,,420 DORCHESTER RD,1009200,1009200,308700,171600,1317900,1180800
414,54,,376 DORCHESTER RD,329400,329400,124400,124400,453800,453800
414,55,,378 DORCHESTER RD,386900,386900,280400,159800,667300,546700
414,57,,320 DORCHESTER RD,0,0,191600,191600,191600,191600
414,58,  1001P,39 GRAFTON TK (TAXABLE),830300,830300,1532600,1101600,2362900,1931900
414,58,  1002P,39 GRAFTON TK (NON-TAXABLE),3697300,3697300,337000,337000,4034300,4034300
414,61,  1001P,40 GRAFTON TK (TAXABLE),0,0,198000,5200,198000,5200
414,61,  1002P,40 GRAFTON TK (NON-TAXABLE),441600,441600,237500,237500,679100,679100
414,62,,274 DORCHESTER RD,241900,241900,187800,133700,429700,375600
414,63,,266 DORCHESTER RD,5700,5700,193700,17500,199400,23200
414,64,,254 DORCHESTER RD,402700,402700,163300,163300,566000,566000
414,65,,46 POUT POND LN,405400,405400,243800,185900,649200,591300
414,66,,290 DORCHESTER RD,0,0,778800,778800,778800,778800
415,1,,22 PONY HILL LN,207200,207200,252600,252600,459800,459800
415,2,,55 HARDSCRABBLE LN,780700,780700,402300,260200,1183000,1040900
415,3,,4 TROUT POND LN (TROUT POND,0,0,435200,435200,435200,435200
415,8,,46 HARDSCRABBLE LN,0,0,48800,2700,48800,2700
415,9,,58 HARDSCRABBLE LN,527300,527300,330300,224000,857600,751300
415,10,,42 HARDSCRABBLE LN,791100,791100,474000,301800,1265100,1092900
415,11,,34 HARDSCRABBLE LN,307900,307900,254700,254700,562600,562600
415,12,,44 HARDSCRABBLE LN,0,0,259300,7000,259300,7000
415,13,,43 POUT POND LN,0,0,253000,800,253000,800
415,14,,61 POUT POND LN,546500,546500,204400,178300,750900,724800
415,15,,65 POUT POND LN,225000,225000,195500,195500,420500,420500
415,16,,67 POUT POND LN,644800,644800,202500,202500,847300,847300
415,17,,69 POUT POND LN,456000,456000,230800,230800,686800,686800
415,18,,73 POUT POND LN,100700,100700,198500,198500,299200,299200
415,19,,75+77 POUT POND LN,518400,518400,1101700,278300,1620100,796700
415,20,1000,82 POUT POND LN,280600,280600,456900,235100,737500,515700
415,20,2000,79 POUT POND LN,716800,716800,336300,255300,1053100,972100
415,20,3000,84 POUT POND LN,328100,328100,423800,345100,751900,673200
415,21,,101 SMITH MOUNTAIN RD,0,0,251200,7500,251200,7500
415,22,,141 SMITH MOUNTAIN RD,0,0,2464300,59500,2464300,59500
415,24,,121 TROUT POND LN,0,0,30700,1800,30700,1800
415,26,,200 SMITH MOUNTAIN RD,0,0,228600,12400,228600,12400
415,27,,174 SMITH MOUNTAIN RD,0,0,142400,3000,142400,3000
415,28,,164 SMITH MOUNTAIN RD,0,0,96100,14700,96100,14700
415,29,,461 DORCHESTER RD,0,0,89400,8500,89400,8500
415,30,,55 SMITH MOUNTAIN RD,162200,162200,344400,168600,506600,330800
416,1,,66 ORFORDVILLE RD,0,0,221800,1500,221800,1500
416,2,,58 ORFORDVILLE RD,0,0,29900,200,29900,200
416,3,,40 ORFORDVILLE RD,0,0,208500,1600,208500,1600
416,4,,179 PINNACLE RD,1900,1900,207700,207700,209600,209600
416,10,,226 PINNACLE RD,970800,970800,628900,433900,1599700,1404700
416,11,,15 DAVISON LN,271300,271300,225400,225400,496700,496700
416,12,,41 DAVISON LN,1454000,1454000,1846700,363600,3300700,1817600
416,14,,30 DAVISON LN,0,0,144500,4300,144500,4300
416,16,,16 DAVISON LN,613200,613200,345400,345400,958600,958600
416,18,,196 PINNACLE RD,633900,633900,589900,226500,1223800,860400
416,19,,192 PINNACLE RD,596200,596200,282700,172300,878900,768500
416,20,,25 PONY HILL LN,800900,800900,729700,405800,1530600,1206700
416,21,,50 PONY HILL LN,0,0,356000,2800,356000,2800
416,22,,3 TROUT POND LN,0,0,264000,8200,264000,8200
416,23,,36 PONY HILL LN,159400,159400,206300,177400,365700,336800
416,24,,100 DAVISON LN,0,0,166300,11800,166300,11800
416,25,,281 SMITH MOUNTAIN RD,0,0,61600,3600,61600,3600
416,26,,180 CELLARS LN,0,0,93700,6300,93700,6300
416,27,,190 CELLARS LN,0,0,49300,3300,49300,3300
417,1,,115 ORFORDVILLE RD,0,0,305600,4000,305600,4000
417,2,,137 ORFORDVILLE RD,0,0,8500,100,8500,100
417,5,,128 ORFORDVILLE RD,703700,703700,684800,230000,1388500,933700
417,6,1000,120 ORFORDVILLE RD,165400,165400,192800,109200,358200,274600
417,6,2000,100 ORFORDVILLE RD,0,0,354300,2600,354300,2600
417,7,,124 CELLARS LN,105000,105000,206900,97900,311900,202900
418,1,,395 SMITH MOUNTIAN RD,0,0,86600,2100,86600,2100
418,3,,370 SMITH MOUNTAIN RD,0,0,345400,16700,345400,16700
419,1,,1 LAMBERT RG,0,0,342200,342200,342200,342200
419,7,,7 LAMBERT RG,0,0,88300,88300,88300,88300
419,8,,8 LAMBERT RG,0,0,57100,57100,57100,57100
419,9,,545 DORCHESTER RD,0,0,183500,183500,183500,183500
420,1,,509 DORCHESTER RD,0,0,177200,177200,177200,177200
420,2,,511 DORCHESTER RD,0,0,85000,85000,85000,85000
420,3,,535 DORCHESTER RD,0,0,404400,404400,404400,404400
420,4,,525 DORCHESTER RD,0,0,7500,7500,7500,7500
420,5,,517 DORCHESTER RD (BEALE CEM,0,0,10900,10900,10900,10900
420,6,,539 DORCHESTER RD,0,0,589400,5900,589400,5900
420,7,1000,581 DORCHESTER RD,0,0,630500,11000,630500,11000
420,7,2000,601 DORCHESTER RD,200,200,269800,2500,270000,2700
420,8,,615 DORCHESTER RD,0,0,282000,183000,282000,183000
420,9,,623 DORCHESTER RD,60700,60700,274900,274900,335600,335600
420,10,,625 DORCHESTER RD,18900,18900,73200,73200,92100,92100
420,11,,629 DORCHESTER RD,109100,109100,145500,145500,254600,254600
420,15,,638 DORCHESTER RD,219200,219200,230900,230900,450100,450100
420,16,,634 DORCHESTER RD,34800,34800,173700,173700,208500,208500
420,17,,632 DORCHESTER RD,122000,122000,159100,159100,281100,281100
420,22,,622 DORCHESTER RD,316800,316800,439000,276100,755800,592900
420,24,,552 DORCHESTER RD,0,0,138700,1300,138700,1300
420,26,,550 DORCHESTER RD,0,0,368800,3600,368800,3600
420,27,,520  DORCHESTER RD,0,0,848300,13700,848300,13700
420,28,,500 DORCHESTER RD,280800,280800,366800,257500,647600,538300
421,1,,637 DORCHESTER RD (LAND ONLY),0,0,75600,75600,75600,75600
421,3,,641 DORCHESTER RD,13000,13000,165800,165800,178800,178800
421,4,,643 DORCHESTER RD,51300,51300,236400,236400,287700,287700
421,5,,645 DORCHESTER RD,163200,163200,320800,276700,484000,439900
421,7,,651 DORCHESTER RD,32700,32700,275600,240800,308300,273500
421,9,,658 DORCHESTER RD,95100,95100,139000,139000,234100,234100
421,16,,41 OLD DORCHESTER RD,105200,105200,166100,166100,271300,271300
421,17,,636 DORCHESTER RD,152700,152700,201200,201200,353900,353900
421,18,,50 OLD DORCHESTER RD,270400,270400,350100,120200,620500,390600
421,20,,680 DORCHESTER RD,0,0,332900,11200,332900,11200
421,21,,700 DORCHESTER RD,0,0,459000,6400,459000,6400
421,22,,626 DORCHESTER RD,900,900,379100,15900,380000,16800
422,1,,345 GRAFTON TK,0,0,848400,20600,848400,20600