PID,Location,Map,Lot,Unit,Town_Assessment,Scraped_Value
100061,,,,,,
100242,,,,,,
101522,,,,,,
102642,,,,,,
102643,,,,,,
102765,,,,,,
1075,,,,,,
1194,,,,,,
453,,,,,,
656,,,,,,
71,,,,,,
854,,,,,,
1274, 401 DORCHESTER RD ,414,43,,480300.0,480300.0
100562,85 DARTMOUTH COLLEGE HY #9010 ,401,55,901,427400.0,427400.0
100182,85 DARTMOUTH COLLEGE HY #1040 ,401,55,104,357100.0,357100.0
25, 30 MARKET ST ,201,18,,581100.0,581100.0
489, 530 RIVER RD ,404,14,,468000.0,468000.0
122, 32 PLEASANT ST ,201,85,,406300.0,406300.0
771, 1 PINNACLE RD ,407,90,,488900.0,488900.0
917, 53 ACORN HILL RD ,408,62,,478900.0,478900.0
232, 156 GOOSE POND RD ,401,32,,130000.0,130000.0
395, 143 RIVER RD ,402,97,,654800.0,654800.0
137,4 JOHN THOMSON WY ,201,94,200,236300.0,236300.0
315, 45 PRESTON RD ,402,23,,659100.0,659100.0
101462,230 RIVER RD ,402,74,2000,1117900.0,1117900.0
179, 35 HIGH ST ,201,129,,287500.0,287500.0
391, 131 RIVER RD ,402,93,,469100.0,469100.0
340, 38 SHOESTRAP RD ,402,46,,588200.0,588200.0
637, 135 MUD TURTLE POND RD ,406,34,,309800.0,309800.0
418, 119 EAST THETFORD RD ,403,10,,648600.0,648600.0
1268, 361 DORCHESTER RD ,414,37,,155100.0,155100.0
1023, 54 ISAAC PERKINS RD ,409,68,,356200.0,356200.0
1234, 107 FLINT HILL RD ,414,21,,266100.0,266100.0
1045, 162 DORCHESTER RD ,409,90,,173600.0,173600.0
1019, 41 ISAAC PERKINS RD ,409,64,,428300.0,428300.0
1236, 119 FLINT HILL RD ,414,23,,209700.0,209700.0
764, 150 WHIPPLE HILL RD ,407,83,,194500.0,194500.0
1082, 107 BEAR HILL LN ,410,19,,129600.0,129600.0
659, 65 POST POND LN ,407,19,,13900.0,13900.0
664, 67 POST POND LN ,407,20,,238300.0,238300.0
100162,85 DARTMOUTH COLLEGE HY #1020 ,401,55,102,197500.0,197500.0
398, 155 RIVER RD ,402,100,,927100.0,927100.0
433, 301 RIVER RD ,403,16,,167600.0,167600.0
1477, 658 DORCHESTER RD ,421,9,,234100.0,234100.0
173, 6 SPRING HILL LN ,201,124,,619200.0,619200.0
795, 121 PINNACLE RD ,407,104,,397200.0,397200.0
371, 234 RIVER RD ,402,73,,509100.0,509100.0
436, 311 RIVER RD ,403,19,,266100.0,266100.0
118, 7 BRITTON LN ,201,81,,683500.0,683500.0
16, 1 MARKET ST ,201,11,,1401800.0,1401800.0
1005, 67 + 69 BAKER HILL RD ,409,55,,533100.0,533100.0
100642, 60 BRECK HILL RD ,405,49,,33000.0,33000.0
88, 1 HAMILTON LN ,201,62,,156600.0,156600.0
79, 17 UNION ST ,201,53,,333300.0,333300.0
635, 121 MUD TURTLE POND RD ,406,32,,4200.0,4200.0
645, 149 ORFORD RD ,407,6,,376700.0,376700.0
1249, 44 FLINT HILL RD ,414,27,,590700.0,590700.0
43, 8 ON THE COMMON ,201,34,,345600.0,345600.0
102737, 51 HIGH ST ,201,134,,1050800.0,1050800.0
360, 241 DARTMOUTH COLLEGE HY ,402,62,,229900.0,229900.0
100523,85 DARTMOUTH COLLEGE HY #5020 ,401,55,502,332100.0,332100.0
408, 53 EAST THETFORD RD ,403,6,,320000.0,320000.0
127, 16 PLEASANT ST ,201,90,,393500.0,393500.0
210, 57 GOOSE POND RD ,401,21,,337100.0,337100.0
951, 141 DORCHESTER RD ,409,7,,268200.0,268200.0
55,6 ON THE COMMON UNIT #6 ,201,35,60,168600.0,168600.0
875, 43 FRANKLIN HILL RD ,408,37,,663100.0,663100.0
23, 25 MARKET ST ,201,16,,478700.0,478700.0
1087, 24 BAILEY HILL LN ,410,24,,83500.0,83500.0
345, 2 SHOESTRAP RD ,402,50,,441600.0,441600.0
93, 6 EAST THETFORD RD ,201,67,,570100.0,570100.0
288, 61 RIVER RD ,401,75,,573700.0,573700.0
324, 208 DARTMOUTH COLLEGE HY ,402,30,,423000.0,423000.0
616, 376 ORFORD RD ,406,12,,556900.0,556900.0
696, 33 NORTH THETFORD RD ,407,36,,493000.0,493000.0
705, 4 PUSHEE FALLS LN ,407,45,,10800.0,10800.0
511, 9 GREGORY RD ,404,36,,408600.0,408600.0
382, 116 RIVER RD ,402,84,,309800.0,309800.0
833, 100 ORFORD RD ,407,137,,565800.0,565800.0
303, 23 WASHBURN HILL RD ,402,11,,571300.0,571300.0
506, 21 GREGORY RD ,404,31,,937200.0,937200.0
100265,207 ORFORD RD ,407,53,2000,635000.0,635000.0
986, 1 FLINT HILL RD ,409,39,,246600.0,246600.0
50,6 ON THE COMMON UNIT #1 ,201,35,10,167300.0,167300.0
1256,263 DORCHESTER RD ,414,30,2000,378800.0,378800.0
1040, 2 BAKER HILL RD ,409,85,,498800.0,498800.0
162, 18 HIGH ST ,201,111,,292200.0,292200.0
100722, 5 WILMOTT WY ,401,58,,536300.0,536300.0
966, 185 DORCHESTER RD ,409,19,,542200.0,542200.0
1122, 171 GOOSE POND RD ,410,59,,134500.0,134500.0
513, 34 BRECK HILL RD ,404,38,,490500.0,490500.0
102854,158 GOOSE POND RD ,401,31,2000,158700.0,158700.0
571, 667 RIVER RD ,405,31,,349100.0,349100.0
706, 30 NORTH THETFORD RD ,407,46,,410100.0,410100.0
21, 15 MARKET ST ,201,14,,686500.0,686500.0
37, 16 ON THE COMMON ,201,30,,650500.0,650500.0
688, 32 POST POND LN ,407,28,,50200.0,50200.0
923, 115 ACORN HILL RD ,408,66,,201400.0,201400.0
997, 180 DORCHESTER RD ,409,50,,373200.0,373200.0
100163,85 DARTMOUTH COLLEGE HY #1030 ,401,55,103,247300.0,247300.0
1094, 15 CLAFLIN LN ,410,31,,420500.0,420500.0
1099, 43 PICO RD ,410,36,,432400.0,432400.0
1232, 12 SMITH MOUNTAIN RD ,414,19,,303600.0,303600.0
100543,85 DARTMOUTH COLLEGE HY #8010 ,401,55,801,543400.0,543400.0
855, 114 POST POND LN ,408,18,,171600.0,171600.0
1374, 15 DAVISON LN ,416,11,,496700.0,496700.0
195, 298 BAKER HILL RD ,401,10,,519700.0,519700.0
1042, 168 DORCHESTER RD ,409,87,,398600.0,398600.0
740,48 CULVER HILL LN ,407,60,7000,970800.0,970800.0
459, 330 RIVER RD ,403,42,,485400.0,485400.0
838, 16 BRITTON LN ,408,1,,400300.0,400300.0
102937, ROW TOWN OF LYME ,100,5,,5600.0,5600.0
649, 45 POST POND LN ,407,10,,563900.0,563900.0
36, 18 ON THE COMMON ,201,29,,719200.0,719200.0
83, 29 UNION ST ,201,57,,334800.0,334800.0
174, 13 HIGH ST ,201,125,,284500.0,284500.0
1471, 641 DORCHESTER RD ,421,3,,176400.0,176400.0
279, 38 RIVER RD ,401,69,,338100.0,338100.0
1195, 22 CANAAN LEDGE LN ,413,22,,474600.0,474600.0
1204, 70 GRAFTON TK ,413,31,,333100.0,333100.0
100462,85 DARTMOUTH COLLEGE HY #2030 ,401,55,203,204700.0,204700.0
100263, 78 NORTH THETFORD RD ,404,50,,812100.0,812100.0
1323, 254 DORCHESTER RD ,414,64,,566000.0,566000.0
100583,95 DARTMOUTH COLLEGE HY #1234 ,401,55,123,1848200.0,1848200.0
259, 101 DARTMOUTH COLLEGE HY ,401,56,,3047400.0,3047400.0
143, 19 DORCHESTER RD ,201,100,,494100.0,494100.0
100282,205 ORFORD RD ,407,53,3000,736000.0,736000.0
520, 100 NORTH THETFORD RD ,404,45,,687700.0,687700.0
442, 339 RIVER RD ,403,25,,426200.0,426200.0
1166, 107 GRAFTON TK ,413,2,,337300.0,337300.0
1167, 117 GRAFTON TK ,413,3,,296600.0,296600.0
622, 320 ORFORD RD ,406,19,,236000.0,236000.0
219,149 GOOSE POND RD ,401,23,3000,340600.0,340600.0
447, 37 LAMPHIRE HILL LN ,403,30,,419700.0,419700.0
77,13 UNION ST ,201,51,2000,578400.0,578400.0
747, 19 CLOVER MILL LN ,407,67,,724800.0,724800.0
100422,85 DARTMOUTH COLLEGE HY #2010 ,401,55,201,451200.0,451200.0
1035, 56 BAKER HILL RD ,409,80,,414200.0,414200.0
151, 40 HIGH ST ,201,104,,218500.0,218500.0
1121, 305 BAKER HILL RD ,410,58,,369900.0,369900.0
862, 16 ORFORD RD ,408,25,,1048600.0,1048600.0
1271, 383 DORCHESTER RD ,414,40,,443700.0,443700.0
105, 7 MAIN ST ,201,74,,510400.0,510400.0
380, 3 MAPLE LN ,402,82,,342200.0,342200.0
375, 202 RIVER RD ,402,77,,260800.0,260800.0
22, 19 MARKET ST ,201,15,,449000.0,449000.0
1046, 150 DORCHESTER RD ,409,91,,259300.0,259300.0
106, 9 MAIN ST ,201,75,,1909300.0,1909300.0
776, 35 PINNACLE RD ,407,95,,610900.0,610900.0
363, 5 SLOAN LN ,402,65,,540600.0,540600.0
1070, 168 BAKER HILL RD ,410,11,,231900.0,231900.0
247, 1 DARTMOUTH COLLEGE HY ,401,44,,183100.0,183100.0
850, 88 POST POND LN ,408,13,,185700.0,185700.0
734,1 TAVERN LN ,407,60,1000,820600.0,820600.0
636, 131 MUD TURTLE POND RD ,406,33,,4200.0,4200.0
993, 202 DORCHESTER RD ,409,46,,346600.0,346600.0
142, 11 DORCHESTER RD ,201,99,,377200.0,377200.0
1101, 59 PICO RD ,410,38,,303900.0,303900.0
95, 2 EAST THETFORD RD ,201,69,,542700.0,542700.0
388, 117 RIVER RD ,402,90,,73500.0,73500.0
841, 13 ORFORD RD ,408,4,,749400.0,749400.0
840, 11 ORFORD RD ,408,3,,220200.0,220200.0
3, POWER LINES ,100,3,,2527700.0,2527700.0
959,173 DORCHESTER RD ,409,12,2000,320900.0,320900.0
1455, 638 DORCHESTER RD ,420,15,,450100.0,450100.0
1456, 634 DORCHESTER RD ,420,16,,208500.0,208500.0
101182,89 WASHBURN HILL RD ,402,1,2000,789800.0,789800.0
276, 6 WILMOTT WY ,401,66,,306500.0,306500.0
1257, 267 DORCHESTER RD ,414,31,,279700.0,279700.0
961, 177 DORCHESTER RD ,409,14,,627600.0,627600.0
260, 82 RIVER RD ,401,57,,247100.0,247100.0
871, 61 DORCHESTER RD ,408,33,,548600.0,548600.0
1209, 21 FLINT HILL RD ,414,3,,493600.0,493600.0
711, 187 ORFORD RD ,407,51,,288600.0,288600.0
1112, 54 BLISS LN ,410,49,,365300.0,365300.0
62, 30 UNION ST ,201,42,,649200.0,649200.0
529, 43 BRECK HILL RD ,405,1,,341000.0,341000.0
1255,265 DORCHESTER RD ,414,30,1000,521300.0,521300.0
667, 69 POST POND LN ,407,21,,152600.0,152600.0
1233, 99 FLINT HILL RD ,414,20,,480900.0,480900.0
755, 111 WHIPPLE HILL RD ,407,75,,340400.0,340400.0
236, 142 GOOSE POND RD ,401,36,,304100.0,304100.0
235, 144 GOOSE POND RD ,401,35,,625200.0,625200.0
378, 136 RIVER RD ,402,80,,403700.0,403700.0
527,68 NORTH THETFORD RD ,404,48,2000,520100.0,520100.0
700, 57 NORTH THETFORD RD ,407,40,,126500.0,126500.0
526,74 NORTH THETFORD RD ,404,48,1000,350600.0,350600.0
935,114 FRANKLIN HILL RD ,408,70,2000,721600.0,721600.0
29, 14 MARKET ST ,201,22,,656100.0,656100.0
703, 38 NORTH THETFORD RD ,407,43,,258200.0,258200.0
704, 8 PUSHEE FALLS LN ,407,44,,295600.0,295600.0
1020, 47 ISAAC PERKINS RD ,409,65,,250200.0,250200.0
617, 368 ORFORD RD ,406,14,,308500.0,308500.0
994, 196 DORCHESTER RD ,409,47,,316300.0,316300.0
434, 303 RIVER RD ,403,17,,246100.0,246100.0
32, 8 MARKET ST ,201,25,,277800.0,277800.0
81, 25 UNION ST ,201,55,,429800.0,429800.0
1235, 115 FLINT HILL RD ,414,22,,235600.0,235600.0
9, 36 DORCHESTER RD ,201,6,,266800.0,266800.0
237, 138 GOOSE POND RD ,401,37,,133300.0,133300.0
955, 169 DORCHESTER RD ,409,11,,216000.0,216000.0
164, 8 HIGH ST ,201,113,,144500.0,144500.0
1, FLOWAGE RIGHTS ,100,1,,1254000.0,1254000.0
1037, 48 BAKER HILL RD ,409,82,,279800.0,279800.0
653, 53 POST POND LN ,407,14,,330900.0,330900.0
120, 4 BRITTON LN ,201,83,,822900.0,822900.0
4, POWER LINES ,100,4,,500.0,500.0
86, 37 UNION ST ,201,60,,700600.0,700600.0
797, 1 ORFORDVILLE RD ,407,107,,743600.0,743600.0
34, 4 MARKET ST ,201,27,,552900.0,552900.0
33, 6 MARKET ST ,201,26,,328000.0,328000.0
102771, 355 ORFORD RD ,406,5,,292200.0,292200.0
981, 201 DORCHESTER RD ,409,34,,399800.0,399800.0
140, 7 DORCHESTER RD ,201,97,,677700.0,677700.0
518, 120 NORTH THETFORD RD ,404,43,,508600.0,508600.0
954, 167 DORCHESTER RD ,409,10,,290800.0,290800.0
488, 534 RIVER RD ,404,13,,558200.0,558200.0
501, 535 RIVER RD ,404,26,,262800.0,262800.0
87, 19 EAST THETFORD RD ,201,61,,635700.0,635700.0
209, 51 GOOSE POND RD ,401,20,,262300.0,262300.0
702, 48 NORTH THETFORD RD ,407,42,,365500.0,365500.0
123, 30 PLEASANT ST ,201,86,,284100.0,284100.0
148,50 HIGH ST ,201,102,1000,306500.0,306500.0
149,48 HIGH ST ,201,102,2000,556800.0,556800.0
12, 22 DORCHESTER RD ,201,9,,487000.0,487000.0
1041, 176 DORCHESTER RD ,409,86,,465900.0,465900.0
101502, 44 BLISS LN ,410,51,,13400.0,13400.0
772, 11 PINNACLE RD ,407,91,,433300.0,433300.0
100503,85 DARTMOUTH COLLEGE HY #4040 ,401,55,404,233700.0,233700.0
484, 131 NORTH THETFORD RD ,404,9,,578800.0,578800.0
563, 609 RIVER RD ,405,27,,592200.0,592200.0
256,63-69 DARTMOUTH COLLEGE HY ,401,53,1000,1732200.0,1732200.0
1191, 96 GRAFTON TK ,413,17,,110100.0,110100.0
773, 21 PINNACLE RD ,407,92,,142900.0,142900.0
1123, 179 GOOSE POND RD ,410,60,,177500.0,177500.0
694, 17 NORTH THETFORD RD ,407,34,,343200.0,343200.0
229,320 BAKER HILL RD ,401,30,1000,492300.0,492300.0
258,85 DARTMOUTH COLLEGE HY #3010 ,401,55,301,378800.0,378800.0
221, 157 GOOSE POND RD ,401,25,,317500.0,317500.0
66, 22 UNION ST ,201,46,,449700.0,449700.0
449, 39 LAMPHIRE HILL LN ,403,32,,219900.0,219900.0
796, 153 PINNACLE RD ,407,106,,149500.0,149500.0
572, 669 RIVER RD ,405,32,,364900.0,364900.0
542, 668 RIVER RD ,405,13,,325500.0,325500.0
300, 232 DARTMOUTH COLLEGE HY ,402,8,,209900.0,209900.0
68, 5 BROOK LN ,201,48,,284100.0,284100.0
248, 7 HEWS LN ,401,45,,264000.0,264000.0
249, 13 HEWS LN ,401,46,,300200.0,300200.0
297, 244 DARTMOUTH COLLEGE HY ,402,5,,129200.0,129200.0
178,27 HIGH ST ,201,128,1000,358400.0,358400.0
102768,29 HIGH ST ,201,128,2000,109300.0,109300.0
298, 240 DARTMOUTH COLLEGE HY ,402,6,,286300.0,286300.0
225, 342 BAKER HILL RD ,401,29,,262700.0,262700.0
735,3 TAVERN LN ,407,60,2000,270500.0,270500.0
1343, 73 POUT POND LN ,415,18,,299200.0,299200.0
809, 65 HIGHBRIDGE RD ,407,117,,377700.0,377700.0
129, 10 PLEASANT ST ,201,92,,339800.0,339800.0
30, 10 MARKET ST ,201,23,,484900.0,484900.0
743, 23 CLOVER MILL LN ,407,63,,542000.0,542000.0
121, 34 PLEASANT ST ,201,84,,224200.0,224200.0
51,6 ON THE COMMON UNIT #2 ,201,35,20,160700.0,160700.0
1111, 60 BLISS LN ,410,48,,128800.0,128800.0
1200, 6 CANAAN LEDGE LN ,413,27,,296500.0,296500.0
815, 11 CUTTING HILL LN ,407,123,,672400.0,672400.0
1382, 16 DAVISON LN ,416,16,,958600.0,958600.0
1207, 5 FLINT HILL RD ,414,1,,16100.0,16100.0
270, 21 WILMOTT wy ,401,60,,172200.0,172200.0
283, 1 HOVEY ISLAND ,401,71,,197100.0,197100.0
1028, 65 ALDEN LN ,409,73,,12200.0,12200.0
101483, 192 GOOSE POND RD ,410,71,,144600.0,144600.0
399, 161 RIVER RD ,402,101,,750100.0,750100.0
308, 64 WASHBURN HILL RD ,402,16,,476700.0,476700.0
509, 25 BRECK HILL RD ,404,34,,600200.0,600200.0
287, 51 RIVER RD ,401,74,,863600.0,863600.0
101242,34 POUT POND LN ,409,23,2000,909300.0,909300.0
1102, 65 PICO RD ,410,39,,229000.0,229000.0
808, 53 HIGHBRIDGE RD ,407,116,,406700.0,406700.0
392, 133+137 RIVER RD ,402,94,,850400.0,850400.0
372,228 RIVER RD ,402,74,1000,428600.0,428600.0
299, 234 DARTMOUTH COLLEGE HY ,402,7,,241600.0,241600.0
1341, 67 POUT POND LN ,415,16,,738700.0,738700.0
102766, 616 RIVER RD ,405,20,,346100.0,346100.0
364, 7 SLOAN LN ,402,66,,212700.0,212700.0
1133, 216 GOOSE POND RD ,410,70,,232500.0,232500.0
238, 104 GOOSE POND RD ,401,38,,282400.0,282400.0
100442,85 DARTMOUTH COLLEGE HY #2020 ,401,55,202,387700.0,387700.0
176, 15 HIGH ST ,201,126,,294500.0,294500.0
799, 112 HIGHBRIDGE RD ,407,109,,558800.0,558800.0
267, 7 WILMOTT WY ,401,59,,189500.0,189500.0
1165, 101 GRAFTON TK ,413,1,,155600.0,155600.0
842, 15 ORFORD RD ,408,5,,210100.0,210100.0
154, 32 HIGH ST ,201,107,,164900.0,164900.0
792,91 PINNACLE RD ,407,102,1000,594300.0,594300.0
1203, 72 GRAFTON TK ,413,30,,327200.0,327200.0
983, 225 DORCHESTER RD ,409,36,,149400.0,149400.0
1485, 636 DORCHESTER RD ,421,17,,353900.0,353900.0
275, 12 WILMOTT wy ,401,65,,140000.0,140000.0
720,216 ORFORD RD ,407,56,1000,388200.0,388200.0
222, 5 PELTON LN ,401,26,,437800.0,437800.0
651, 49 POST POND LN ,407,12,,461400.0,461400.0
1025, 40 ISAAC PERKINS RD ,409,70,,479500.0,479500.0
1043, 166 DORCHESTER RD ,409,88,,226100.0,226100.0
1457, 632 DORCHESTER RD ,420,17,,281100.0,281100.0
859,70 ORFORD RD ,408,22,1000,1021800.0,1021800.0
337, 17 MAPLE LN ,402,43,,827800.0,827800.0
1136, 182 GOOSE POND RD ,410,73,,175000.0,175000.0
351, 211 DARTMOUTH COLLEGE HY ,402,56,,433600.0,433600.0
1267, 359 DORCHESTER RD ,414,36,,326100.0,326100.0
600, 301 ORFORD RD ,406,3,,261800.0,261800.0
80, 21 UNION ST ,201,54,,618800.0,618800.0
133,6 JOHN THOMSON WY(HORSESHD) ,201,93,200,42000.0,42000.0
138, 1 DORCHESTER RD ,201,95,,1440500.0,1440500.0
139, 5 DORCHESTER RD ,201,96,,247800.0,247800.0
346, 155 DARTMOUTH COLLEGE HY ,402,51,,416100.0,416100.0
84, 35 UNION ST (ELEM SCHOOL) ,201,58,,5187300.0,5187300.0
35, 1 ON THE COMMON (COMMON) ,201,28,,29200.0,29200.0
40,18 MARKET ST (BIG ROCK) ,201,31,2000,43000.0,43000.0
58, 38 UNION ST (LIBRARY) ,201,38,,915600.0,915600.0
67, 20 UNION ST (BIG ROCK) ,201,47,,103200.0,103200.0
85, 39 UNION ST (LITTLE COMMON) ,201,59,,16900.0,16900.0
111, 1 PLEASANT ST (OLD CEMETERY ,201,78,,429100.0,429100.0
132,6 JOHN THOMSON WY (L/O) ,201,93,100,40300.0,40300.0
136,2 PLEASANT ST (JAILHOUSE) ,201,94,100,27400.0,27400.0
150, 44 HIGH ST (FIRE STATION) ,201,103,,580900.0,580900.0
161,24 HIGH ST (HIGHWAY GARAGE) ,201,110,1000,781700.0,781700.0
170, 1 HIGH ST ,201,120,,1492300.0,1492300.0
272, 30 WILMOTT WY (LAND ONLY) ,401,62,,11300.0,11300.0
333, 39 SHOESTRAP RD (OLD DUMP) ,402,39,,15700.0,15700.0
387, 111 RIVER RD (HEWES BROOK PRE ,402,89,,32300.0,32300.0
561, 597 RIVER RD (PORTER CEMETERY ,405,25,,12200.0,12200.0
598, 263 ORFORD RD (LAND ONLY) ,406,1,,35000.0,35000.0
643, 105 ORFORD RD (LAND ONLY) ,407,4,,40400.0,40400.0
757, 36 MUD TURTLE POND RD ,407,77,,251800.0,251800.0
849, 92 POST POND LN (LAND ONLY) ,408,12,,117700.0,117700.0
925, 171 ACORN HILL RD (LAND ONLY) ,408,68,,400.0,400.0
965, 183 DORCHESTER RD (LCAB) ,409,18,,755500.0,755500.0
1192, 17 CANAAN LEDGE LN (L/0O) ,413,19,,22300.0,22300.0
1193, 25 CANAAN LEDGE LN (L/0) ,413,20,,77500.0,77500.0
1270, 379 DORCHESTER RD (LAND ONLY) ,414,39,,5200.0,5200.0
1327, 4 TROUT POND LN (TROUT POND ,415,3,,435200.0,435200.0
1442, 517 DORCHESTER RD (BEALE CEM ,420,5,,10900.0,10900.0
1469, 637 DORCHESTER RD (LAND ONLY) ,421,1,,75600.0,75600.0
102712,24 HIGH ST (HIGHLAND CEMETER ,201,110,2000,258000.0,258000.0
102814,111 ORFORD RD (REC AREA) ,407,5,1000,391900.0,391900.0
102815,115 ORFORD RD (CHAFFEE) ,407,5,2000,126900.0,126900.0
633, 85 ORFORDVILLE RD (TOWN FORE ,406,30,,585800.0,585800.0
746, 63 WHIPPLE HILL RD ,407,66,,954900.0,954900.0
852, 108 POST POND LN ,408,15,,174600.0,174600.0
1213, 45 POUT POND LN ,414,7,,560900.0,560900.0
385, 101 RIVER RD ,402,87,,458500.0,458500.0
101642,11 PRESTON RD ,401,1,1000,442400.0,442400.0
750, 16 CLOVER MILL LN ,407,70,,1198700.0,1198700.0
991, 228 DORCHESTER RD ,409,44,,208800.0,208800.0
1071, 159 BAKER HILL RD ,410,12,,635400.0,635400.0
1212, 39 POUT POND LN ,414,6,,660800.0,660800.0
652, 51 POST POND LN ,407,13,,232200.0,232200.0
100164,85 DARTMOUTH COLLEGE HY #1050 ,401,55,105,224700.0,224700.0
100582,85 DARTMOUTH COLLEGE HY #9030 ,401,55,903,385200.0,385200.0
208, 47 GOOSE POND RD ,401,19,,323000.0,323000.0
441, 331 RIVER RD ,403,24,,840200.0,840200.0
953, 165 DORCHESTER RD ,409,9,,310100.0,310100.0
1449, 623 DORCHESTER RD ,420,9,,335600.0,335600.0
492, 520 RIVER RD ,404,17,,323100.0,323100.0
958,171 DORCHESTER RD ,409,12,1000,420200.0,420200.0
739,47 CULVER HILL LN ,407,60,6000,866800.0,866800.0
783,45 PINNACLE RD ,407,96,1200,246900.0,246900.0
853, 110 POST POND LN ,408,16,,204500.0,204500.0
402, 261 RIVER RD ,402,104,,2596300.0,2596300.0
328, 174 DARTMOUTH COLLEGE HY ,402,34,,339800.0,339800.0
144, 21 DORCHESTER RD ,201,101,,277800.0,277800.0
100482,85 DARTMOUTH COLLEGE HY #4030 ,401,55,403,212900.0,212900.0
869, 53 DORCHESTER RD ,408,31,,365300.0,365300.0
339, 48 SHOESTRAP RD ,402,45,,293300.0,293300.0
255, 61 DARTMOUTH COLLEGE HY ,401,52,,671900.0,671900.0
1211, 35 POUT POND LN ,414,5,,284000.0,284000.0
245, 36 GOOSE POND RD ,401,42,,319600.0,319600.0
576, 729 RIVER RD ,405,36,,3435400.0,3435400.0
1342, 69 POUT POND LN ,415,17,,686800.0,686800.0
368, 8 SLOAN LN ,402,70,,354600.0,354600.0
101243,32 POUT POND LN ,409,23,1000,842500.0,842500.0
1250, 8 FLINT HILL RD ,414,28,,447000.0,447000.0
580, 748 RIVER RD ,405,40,,19300.0,19300.0
327, 180 DARTMOUTH COLLEGE HY ,402,33,,397600.0,397600.0
655, 57 POST POND LN ,407,16,,913600.0,913600.0
1006, 71 BAKER HILL RD ,409,56,,271800.0,271800.0
947, 1 FRANKLIN HILL RD ,409,3,,478400.0,478400.0
100184,85 DARTMOUTH COLLEGE HY #7010 ,401,55,701,349600.0,349600.0
960, 175 DORCHESTER RD ,409,13,,324700.0,324700.0
831, 24 PINNACLE RD ,407,135,,1831900.0,1831900.0
183, 49 HIGH ST ,201,133,,113900.0,113900.0
94, 4 EAST THETFORD RD ,201,68,,551900.0,551900.0
973, 34 ACORN HILL RD ,409,26,,397100.0,397100.0
1201, 4 CANAAN LEDGE LN ,413,28,,396900.0,396900.0
100463,85 DARTMOUTH COLLEGE HY #2040 ,401,55,204,398200.0,398200.0
984, 227 DORCHESTER RD ,409,37,,209100.0,209100.0
69, 4 BROOK LN ,201,49,,8600.0,8600.0
102, 3 MAIN ST ,201,71,,111500.0,111500.0
159,30 HIGH ST ,201,109,1000,187300.0,187300.0
401, 187 RIVER RD ,402,103,,1188900.0,1188900.0
846, 41 ORFORD RD ,408,9,,113800.0,113800.0
1048, 130 DORCHESTER RD ,409,93,,4400.0,4400.0
835, 96 ORFORD RD ,407,139,,578200.0,578200.0
832, 10 PINNACLE RD ,407,136,,100800.0,100800.0
2, POWER LINES/L-37.62 MI ,100,2,,2695800.0,2695800.0
319,69 PRESTON RD ,402,26,1000,604700.0,604700.0
224, 12 PELTON LN ,401,28,,449600.0,449600.0
329, 166 DARTMOUTH COLLEGE HY ,402,35,,224000.0,224000.0
64, 26 UNION ST ,201,44,,322100.0,322100.0
56, 4 ON THE COMMON ,201,36,,1160900.0,1160900.0
427, 125 EAST THETFORD RD ,403,11,,479800.0,479800.0
57, 2 ON THE COMMON ,201,37,,925900.0,925900.0
519, 108 NORTH THETFORD RD ,404,44,,299000.0,299000.0
969, 45 ACORN HILL RD ,409,22,,299400.0,299400.0
469, 15 RECORDRIDGE LN ,403,48,,997000.0,997000.0
5, 58 DORCHESTER RD ,201,1,,261300.0,261300.0
1266, 353 DORCHESTER RD ,414,35,,497400.0,497400.0
1472, 643 DORCHESTER RD ,421,4,,287700.0,287700.0
295, 246 DARTMOUTH COLLEGE HY ,402,4,,236500.0,236500.0
296,246 DARTMOUTH COLLEGE HY ,402,4,1,131100.0,131100.0
695, 21 NORTH THETFORD RD ,407,35,,373100.0,373100.0
1367, 179 PINNACLE RD ,416,4,,222700.0,222700.0
100522,85 DARTMOUTH COLLEGE HY #5010 ,401,55,501,184400.0,184400.0
916,29 POUT POND LN ,408,61,2000,349500.0,349500.0
76,11 UNION ST ,201,51,1000,783100.0,783100.0
1051, 98 DORCHESTER RD ,409,95,,220800.0,220800.0
1015, 127 BAKER HILL RD ,409,60,,178600.0,178600.0
607, 396 ORFORD RD ,406,10,,373300.0,373300.0
648, 41 POST POND LN ,407,9,,1331000.0,1331000.0
964, 15 DERBY LN ,409,17,,211200.0,211200.0
545, 652+654 RIVER RD ,405,16,,270900.0,270900.0
1190, 100 GRAFTON TK ,413,16,,114300.0,114300.0
967, 187 DORCHESTER RD ,409,20,,605000.0,605000.0
978, 2 ACORN HILL RD ,409,31,,160200.0,160200.0
203, 102 DARTMOUTH COLLEGE HY ,401,14,,357500.0,357500.0
316, 55 PRESTON RD ,402,24,,410200.0,410200.0
99,1 MAIN ST (33% INT) ,201,70,10,295700.0,295700.0
101,1 MAIN ST (67% INT) ,201,70,20,543900.0,543900.0
830, 50 PINNACLE RD ,407,134,,298700.0,298700.0
169, 12 CREAMERY LN ,201,119,,265300.0,265300.0
63, 28 UNION ST ,201,43,,490500.0,490500.0
1450, 625 DORCHESTER RD ,420,10,,92100.0,92100.0
1451, 629 DORCHESTER RD ,420,11,,254600.0,254600.0
321, 97 PRESTON RD ,402,27,,215400.0,215400.0
107, 13 MAIN ST ,201,76,,623200.0,623200.0
128, 12+14 PLEASANT ST ,201,91,,583500.0,583500.0
257, 77 DARTMOUTH COLLEGE HY ,401,54,,187600.0,187600.0
1004, 63 BAKER HILL RD ,409,54,,546100.0,546100.0
220, 153 GOOSE POND RD ,401,24,,288500.0,288500.0
177, 19 HIGH ST ,201,127,,214900.0,214900.0
845, 35 ORFORD RD ,408,8,,353100.0,353100.0
100563,85 DARTMOUTH COLLEGE HY #9020 ,401,55,902,340300.0,340300.0
941, 76 FRANKLIN HILL RD ,408,72,,583300.0,583300.0
59, 36 UNION ST ,201,39,,511800.0,511800.0
125, 24 PLEASANT ST ,201,88,,427700.0,427700.0
60, 32 UNION ST ,201,40,,704000.0,704000.0
834, 4 PINNACLE RD ,407,138,,276500.0,276500.0
1140, 321 BAKER HILL RD ,410,77,,418900.0,418900.0
1141, 327 BAKER HILL RD ,410,78,,3300.0,3300.0
650, 47 POST POND LN ,407,11,,418900.0,418900.0
701, 52 NORTH THETFORD RD ,407,41,,384700.0,384700.0
824, 98 PINNACLE RD ,407,128,,228800.0,228800.0
124, 26+28 PLEASANT ST ,201,87,,577900.0,577900.0
7, 42 DORCHESTER RD ,201,4,,181800.0,181800.0
8, 40 DORCHESTER RD ,201,5,,254400.0,254400.0
152, 38 HIGH ST ,201,105,,260000.0,260000.0
153, 36 HIGH ST ,201,106,,260700.0,260700.0
1137, 176 GOOSE POND RD ,410,74,,101500.0,101500.0
537, 125 BRECK HILL RD ,405,8,,886200.0,886200.0
977, 8 ACORN HILL RD ,409,30,,776700.0,776700.0
39,14 ON THE COMMON ,201,31,1000,576700.0,576700.0
1126, 203 GOOSE POND RD ,410,63,,297900.0,297900.0
1016, 124 BAKER HILL RD ,409,61,,277700.0,277700.0
759, 149 WHIPPLE HILL RD ,407,79,,281300.0,281300.0
117,25 PLEASANT ST ,201,80,10,406300.0,406300.0
326, 188 DARTMOUTH COLLEGE HY ,402,32,,507900.0,507900.0
379, 130 RIVER RD ,402,81,,178600.0,178600.0
233, 154 GOOSE POND RD ,401,33,,146600.0,146600.0
400, 207 RIVER RD ,402,102,,502200.0,502200.0
100302, 54 BAKER HILL RD ,409,81,,469900.0,469900.0
381, 2 MAPLE LN ,402,83,,180800.0,180800.0
1150, 333 GOOSE POND RD ,411,5,,385800.0,385800.0
82, 27 UNION ST ,201,56,,417000.0,417000.0
1061, 216 BAKER HILL RD ,410,6,,326400.0,326400.0
1078, 99 BEAR HILL LN ,410,15,,304800.0,304800.0
1093, 7 CLAFLIN LN ,410,30,,139200.0,139200.0
323, 218 DARTMOUTH COLLEGE HY ,402,29,,293100.0,293100.0
692, 13 NORTH THETFORD RD ,407,32,,798100.0,798100.0
437, 315 RIVER RD ,403,20,,1026200.0,1026200.0
394, 139 RIVER RD ,402,96,,726500.0,726500.0
943, 66 FRANKLIN HILL RD ,408,74,,500100.0,500100.0
1092, 215 BAKER HILL RD ,410,29,,470800.0,470800.0
167, 4 CREAMERY LN ,201,117,,513300.0,513300.0
325, 204 DARTMOUTH COLLEGE HY ,402,31,,1001800.0,1001800.0
52,6 ON THE COMMON UNIT #3 ,201,35,30,157100.0,157100.0
707, 22 NORTH THETFORD RD ,407,47,,371300.0,371300.0
389, 123 RIVER RD ,402,91,,380400.0,380400.0
1299, 376 DORCHESTER RD ,414,54,,423800.0,423800.0
101082,10 WHIPPLE HILL RD-GRAVELPIT ,407,86,1100,179500.0,179500.0
1208, 17 FLINT HILL RD ,414,2,,456500.0,456500.0
979, 197 DORCHESTER RD ,409,32,,225000.0,225000.0
982, 215 DORCHESTER RD ,409,35,,249400.0,249400.0
1340, 65 POUT POND LN ,415,15,,420500.0,420500.0
769, 144 ORFORD RD ,407,88,,345000.0,345000.0
1335, 34 HARDSCRABBLE LN ,415,11,,562600.0,562600.0
458, 336 RIVER RD ,403,41,,460000.0,460000.0
54,6 ON THE COMMON UNIT #5 ,201,35,50,152900.0,152900.0
971, 22 POUT POND LN ,409,24,,380500.0,380500.0
271, 25 WILMOTT WY ,401,61,,421400.0,421400.0
995, 188 DORCHESTER RD ,409,48,,260500.0,260500.0
348, 173 DARTMOUTH COLLEGE HY ,402,53,,436800.0,436800.0
942, 70 FRANKLIN HILL RD ,408,73,,630000.0,630000.0
100863,161 GOOSE POND RD ,401,23,1200,267300.0,267300.0
1325, 22 PONY HILL LN ,415,1,,459800.0,459800.0
100142,85 DARTMOUTH COLLEGE HY #1010 ,401,55,101,197500.0,197500.0
913, 62 ACORN HILL RD ,408,60,,175200.0,175200.0
996, 182 DORCHESTER RD ,409,49,,522800.0,522800.0
432, 299 RIVER RD ,403,15,,23700.0,23700.0
102732, 172 GOOSE POND RD ,410,76,,105600.0,105600.0
1049, 116 DORCHESTER RD ,409,94,,192500.0,192500.0
26, 26 MARKET ST ,201,19,,364400.0,364400.0
336, 11 MAPLE LN ,402,42,,369000.0,369000.0
341, 30 SHOESTRAP RD ,402,47,,309300.0,309300.0
100542,85 DARTMOUTH COLLEGE HY #6010 ,401,55,601,473800.0,473800.0
814, 1 CUTTING HILL LN ,407,122,,670300.0,670300.0
163, 14 HIGH ST ,201,112,,428500.0,428500.0
359, 233 DARTMOUTH COLLEGE HY ,402,61,,227500.0,227500.0
775, 33 PINNACLE RD ,407,94,,292100.0,292100.0
27, 22 MARKET ST ,201,20,,536700.0,536700.0
698, 15 TURNER LN ,407,38,,665700.0,665700.0
558,608 RIVER RD ,405,22,2000,256700.0,256700.0
544, 658 RIVER RD ,405,15,,233900.0,233900.0
1124, 183 GOOSE POND RD ,410,61,,134500.0,134500.0
522, 88 NORTH THETFORD RD ,404,47,,295300.0,295300.0
952, 147 DORCHESTER RD ,409,8,,268200.0,268200.0
104, 5 MAIN ST ,201,73,,1449300.0,1449300.0
690, 16 POST POND LN ,407,30,,926900.0,926900.0
18,7 MARKET ST ,201,12,1000,301600.0,301600.0
19,5 MARKET ST ,201,12,2000,154000.0,154000.0
234, 148 GOOSE POND RD ,401,34,,362900.0,362900.0
787, 67+69 PINNACLE RD ,407,99,,429700.0,429700.0
42, 10 ON THE COMMON ,201,33,,488500.0,488500.0
962, 179 DORCHESTER RD ,409,15,,451100.0,451100.0
244, 40 GOOSE POND RD ,401,41,,800.0,800.0
1024, 48 ISAAC PERKINS RD ,409,69,,291300.0,291300.0
1265, 343 DORCHESTER RD ,414,34,,379400.0,379400.0
20, 11 MARKET ST ,201,13,,615800.0,615800.0
483, 111 NORTH THETFORD RD ,404,8,,700.0,700.0
168, 13 CREAMERY LN ,201,118,,304100.0,304100.0
1118, 52 PICO RD ,410,55,,335100.0,335100.0
1091, 205 BAKER HILL RD ,410,28,,234400.0,234400.0
28, 20 MARKET ST ,201,21,,594000.0,594000.0
532, 89 BRECK HILL RD ,405,4,,241100.0,241100.0
736,7 TAVERN LN ,407,60,3000,1339400.0,1339400.0
473, 24 RECORDRIDGE LN ,403,52,,745500.0,745500.0
861, 24 ORFORD RD ,408,24,,342600.0,342600.0
1198, 16 CANAAN LEDGE LN ,413,25,,0.0,0.0
53,6 ON THE COMMON UNIT #4 ,201,35,40,181500.0,181500.0
10, 32 DORCHESTER RD ,201,7,,417100.0,417100.0
843, 23 ORFORD RD ,408,6,,235800.0,235800.0
486, 161 NORTH THETFORD RD ,404,11,,585900.0,585900.0
560, 591 RIVER RD ,405,24,,286300.0,286300.0
1199, 10 CANAAN LEDGE LN ,413,26,,258300.0,258300.0
557,610 RIVER RD ,405,22,1000,318700.0,318700.0
723, 186 ORFORD RD ,407,57,,354700.0,354700.0
490, 526 RIVER RD ,404,15,,501400.0,501400.0
1206, GRAFTON TK ,413,33,,625400.0,625400.0
349, 183 DARTMOUTH COLLEGE HY ,402,54,,102600.0,102600.0
355, 215 DARTMOUTH COLLEGE HY ,402,57,,330300.0,330300.0
357, 223 DARTMOUTH COLLEGE HY ,402,59,,159000.0,159000.0
370, 240 RIVER RD ,402,72,,312000.0,312000.0
686, 50 POST POND LN ,407,26,,11600.0,11600.0
350, 199 DARTMOUTH COLLEGE HY ,402,55,,52200.0,52200.0
358, 229 DARTMOUTH COLLEGE HY ,402,60,,9300.0,9300.0
1151, 349 GOOSE POND RD ,411,6,,347500.0,347500.0
1154, 354 GOOSE POND RD ,411,9,,100400.0,100400.0
1282, 473 DORCHESTER RD ,414,45,,304600.0,304600.0
1292, 442 DORCHESTER RD ,414,51,,186800.0,186800.0
1302, 320 DORCHESTER RD ,414,57,,191600.0,191600.0
1312, 290 DORCHESTER RD ,414,66,,778800.0,778800.0
1423, 1 LAMBERT RG ,419,1,,342200.0,342200.0
1437, 545 DORCHESTER RD ,419,9,,183500.0,183500.0
1438, 509 DORCHESTER RD ,420,1,,177200.0,177200.0
1440, 535 DORCHESTER RD ,420,3,,404400.0,404400.0
1435, 7 LAMBERT RG ,419,7,,88300.0,88300.0
1436, 8 LAMBERT RG ,419,8,,57100.0,57100.0
1439, 511 DORCHESTER RD ,420,2,,85000.0,85000.0
1441, 525 DORCHESTER RD ,420,4,,7500.0,7500.0
1202, 2 CANAAN LEDGE LN ,413,29,,432200.0,432200.0
784,39 PINNACLE RD ,407,96,2000,153000.0,153000.0
774, 31 PINNACLE RD ,407,93,,308900.0,308900.0
1196, 18 CANAAN LEDGE LN ,413,23,,494300.0,494300.0
1197, 14 CANAAN LEDGE LN ,413,24,,67900.0,67900.0
13, 18 DORCHESTER RD ,201,10,,556400.0,556400.0
901, 172 ACORN HILL RD ,408,56,,303900.0,303900.0
41, 12 ON THE COMMON ,201,32,,633000.0,633000.0
768, 150 ORFORD RD ,407,87,,837000.0,837000.0
91, 2 HAMILTON LN ,201,65,,803300.0,803300.0
92, 8 EAST THETFORD RD ,201,66,,257300.0,257300.0
335, 12 MAPLE LN ,402,41,,287800.0,287800.0
708, 18 NORTH THETFORD RD ,407,48,,302500.0,302500.0
100502,85 DARTMOUTH COLLEGE HY #4010 ,401,55,401,421200.0,421200.0
103, 10 LATHAM LN ,201,72,,289200.0,289200.0
306, 69 WASHBURN HILL RD ,402,14,,474500.0,474500.0
547, 642 RIVER RD ,405,18,,361300.0,361300.0
435, 307 RIVER RD ,403,18,,292500.0,292500.0
390, 129 RIVER RD ,402,92,,454600.0,454600.0
1038, 14 BAKER HILL RD ,409,83,,200600.0,200600.0
515, 24 BRECK HILL RD ,404,40,,361300.0,361300.0
440, 327 RIVER RD ,403,23,,281900.0,281900.0
231,162 GOOSE POND RD ,401,31,1000,174100.0,174100.0
101602,27 PLEASANT ST ,201,80,20,223200.0,223200.0
976, 20 ACORN HILL RD ,409,29,,474500.0,474500.0
1484, 41 OLD DORCHESTER RD ,421,16,,271300.0,271300.0
738,41 CULVER HILL LN ,407,60,5000,646500.0,646500.0
65, 24 UNION ST ,201,45,,544900.0,544900.0
405, 300 DARTMOUTH COLLEGE HY ,403,3,,291100.0,291100.0
915,21 POUT POND LN ,408,61,1000,289500.0,289500.0
1138, 174 GOOSE POND RD ,410,75,,86500.0,86500.0
273, 34 WILMOTT WY ,401,63,,133500.0,133500.0
274, 20 WILMOTT WY ,401,64,,369700.0,369700.0
343, 28 SHOESTRAP RD ,402,48,,435600.0,435600.0
474, 20 RECORDRIDGE LN ,403,53,,519200.0,519200.0
625,280 ORFORD RD ,406,22,1000,763900.0,763900.0
487, 175 NORTH THETFORD RD ,404,12,,345100.0,345100.0
605, 393 ORFORD RD ,406,8,,307200.0,307200.0
1125, 193 GOOSE POND RD ,410,62,,77400.0,77400.0
331, 150 DARTMOUTH COLLEGE HY ,402,37,,194300.0,194300.0
788, 75 PINNACLE RD ,407,100,,311900.0,311900.0
78, 15 UNION ST ,201,52,,390300.0,390300.0
495, 429 RIVER RD ,404,20,,641700.0,641700.0
317, 71 PRESTON RD ,402,25,,514700.0,514700.0
438, 319 RIVER RD ,403,21,,570500.0,570500.0
439, 323 RIVER RD ,403,22,,6400.0,6400.0
253, 8 HEWS LN ,401,50,,362500.0,362500.0
